,nativename,NAME,SurfaceArea,Volume,threshold,meanTD,maxTD,height,mean_height,mouths,AreaofBiggestMouth,DiameterofBiggest,MouthNegativeSurfaceArea,FractionNegativeSurfaceArea,ApolarSurfaceArea,FractionApolarSurfaceArea,PositiveSurfaceArea,FractionPositiveSA,mCurvature,maCurvature,longestdimension,middledimension,shortdimension,TypeofPocket,ResidueNumberList,ResidueNameList,AtomNameList,MouthResidueNameList
/net/scratch/basantab/20190527_deNovoNTF2DockingBenchmark.bk/natives_w_pockets/cleaned_native_PDBs/d1gy6a__0001.pdb,d1gy6a,114,545.491704916,592.000105858,6.28919073929,8.14751143624,14.7799579136,8.49076717427,1.85832069695,1,425.000075996,24.628,135.50953472,0.248417223394,146.960002945,0.269408318441,263.022167251,0.482174458165,-2.46573514761,9.59543550245,27.5557065313,16.8488031971,15.3614153095,n/a,+100A+102A+118A+119A+120A+121A+122A+123A+124A+126A+22A+40A+41A+42A+43A+59A+61A+64A+66A+72A+74A+82A+83A+84A+86A+87A+89A+94A+95A+97A+98A+99A,+ALA122A+ARG120A+ASP72A+ASP94A+GLN74A+GLU42A+GLY43A+GLY87A+GLY98A+HIS100A+HIS124A+HIS66A+ILE64A+ILE82A+LEU121A+LEU123A+LEU59A+LEU89A+MET102A+MET118A+MET84A+MET97A+PHE119A+PHE126A+PHE22A+PHE61A+PHE99A+PRO95A+SER83A+THR40A+TRP41A+VAL86A,+CD2778A+CG795A+CG333A+N760A+O763A+ND1777A+O564A+OD2732A+O640A+CB583A+N579A+N972A+N651A+CB655A+CG2643A+CA960A+CD2958A+CB775A+CG1671A+O676A+CG2672A+CG969A+CG1642A+C647A+CB944A+CA757A+O648A+N756A+C758A+C762A+CB963A+CG656A+SD657A+NE2780A+CD1644A+CA749A+CB794A+CB752A+N771A+CA761A+CG776A+CG753A+O962A+CE2479A+O967A+CA973A+O943A+N959A+CD1506A+CD2693A+CE1478A+CB976A+C966A+O774A+N964A+SD927A+CE2176A+CE1524A+NE2525A+CD1692A+CG738A+SD754A+O954A+CG945A+O924A+CB925A+CE755A+CD739A+CZ177A+CH2327A+CZ939A+CZ2325A+N929A+C931A+N940A+C923A+CD946A+CD1476A+CZ480A+CE2938A+CD2971A+CA965A+CE1998A+CB968A+CB955A+O975A+O932A+NE1322A+OE1335A+OE2336A+CG2313A+N337A+CD334A+CD2462A+CB332A+CD1320A+O317A,+ARG120A+ASP72A+ASP94A+GLN74A+GLU42A+GLY43A+GLY87A+GLY98A+HIS100A+HIS124A+ILE82A+LEU121A+LEU123A+LEU59A+MET102A+MET118A+MET84A+MET97A+PHE119A+PHE126A+PHE61A+PRO95A+THR40A+TRP41A+VAL86A
/net/scratch/basantab/20190527_deNovoNTF2DockingBenchmark.bk/natives_w_pockets/cleaned_native_PDBs/d1gy7a__0001.pdb,d1gy7a,78,105.15461285,102.0,5.97085371255,8.65904383415,12.6282079844,6.65735427184,2.6881901216,1,41.0,6.629,0.979616414044,0.00931596234818,50.6742614977,0.481902411359,53.5007349378,0.508781626293,-5.77468251412,10.5195805719,7.56084809319,8.16713225578,6.79057081101,n/a,+119A+121A+20A+39A+40A+57A+59A+88A+90A,+GLU40A+ILE90A+LEU121A+LEU57A+LEU88A+PHE119A+PHE20A+PHE39A+PHE59A,+CD2685A+CD2970A+CZ951A+CE2463A+CG968A+CE2950A+CZ310A+CD1445A+CE2309A+CD2446A+CB443A+CD1701A+CZ153A+CE2152A+CZ464A+CE1308A+CD1969A+CD2461A+CG2700A+OE1318A,+GLU40A+ILE90A+LEU121A+LEU57A+PHE39A+PHE59A
/net/scratch/basantab/20190527_deNovoNTF2DockingBenchmark.bk/natives_w_pockets/cleaned_native_PDBs/d1hkxa__0001.pdb,d1hkxa,118,642.991489012,978.0,5.51065275855,11.6044811333,21.7034058206,16.1927530621,6.09382837472,1,256.0,20.314,163.611562948,0.254453699223,211.853181262,0.329480537273,267.526744802,0.416065763503,-2.99557325119,10.5772231771,20.070164359,14.7607849706,15.1442562779,n/a,+361A+362A+369A+381A+382A+383A+395A+398A+399A+401A+402A+404A+405A+408A+410A+412A+433A+435A+437A+438A+439A+447A+449A+453A+467A+469A+472A+473A+474A,+ALA447A+ALA472A+ARG405A+ARG433A+ARG453A+ARG469A+ASN401A+ASP439A+GLU381A+GLU383A+HIS395A+ILE361A+LEU402A+LEU438A+LYS408A+PHE399A+PHE467A+PRO382A+PRO473A+SER362A+SER404A+SER449A+SER474A+THR412A+THR435A+TYR369A+TYR398A+TYR437A+VAL410A,+CB900A+CG599A+CG2616A+CB826A+CD600A+N569A+CB567A+CE601A+NZ602A+O837A+OD1848A+O504A+CA843A+CB598A+CA1122A+C836A+CB838A+N842A+OXT1132A+OE2388A+CE2510A+OG1134A+CD2508A+CD2548A+ND1475A+CE1521A+CE1830A+CB384A+CA381A+OE1387A+OH833A+OE2372A+OH512A+OE1371A+CB1125A+CA542A+CG385A+N380A+C375A+CB377A+OH283A+CZ1084A+CD1507A+CD386A+O1119A+CB473A+NH11104A+O472A+CA470A+NH21105A+CD1828A+NH1950A+CZ282A+NH2951A+CB505A+CG506A+CE1280A+CD1219A+CD1519A+NH2797A+CG1217A+CG2218A+NH1796A+CD1547A+CB1133A+N1128A+CB537A+CA502A+N513A+OG915A+C503A+CG546A+OD2849A+NH1578A+O1131A+C1130A+CA1129A+CG792A+NE794A+CD793A+O790A+O899A+OG1811A+CA221A+CB810A+CD575A+CB224A+CG2812A+CE2831A+OG1632A+O223A+CD2829A+CG574A+CZ832A+OG225A+CG1615A+CG827A+CG847A,+ALA447A+ALA472A+ARG405A+ASN401A+ASP439A+GLU383A+LEU402A+LEU438A+LYS408A+PRO382A+PRO473A+SER404A+TYR398A+TYR437A
/net/scratch/basantab/20190527_deNovoNTF2DockingBenchmark.bk/natives_w_pockets/cleaned_native_PDBs/d1idpa__0001.pdb,d1idpa,100,516.132825839,1055.00018865,5.87447722043,10.3092187522,18.1417006304,12.26722341,4.43474153177,1,292.000052214,16.314,69.7606423599,0.135160251136,197.765425931,0.383167696436,248.606757547,0.481672052428,-2.65263973775,9.42613335721,19.4493397951,14.761272599,14.9890008594,n/a,+106A+108A+110A+112A+123A+126A+127A+129A+131A+147A+149A+151A+153A+26A+30A+50A+53A+54A+58A+69A+70A+72A+73A+74A+75A+76A+81A+83A+85A,+ALA127A+ARG112A+ASN131A+GLN74A+HIS110A+HIS126A+HIS85A+ILE151A+LEU106A+LEU147A+LEU54A+LEU76A+LEU81A+LYS73A+MET123A+MET69A+PHE53A+PRO149A+SER129A+SER72A+THR83A+TRP153A+TRP26A+TRP58A+TYR30A+TYR50A+VAL108A+VAL70A+VAL75A,+CG1826A+O544A+CD1390A+CG510A+CD2351A+SD511A+CE2353A+CH2430A+CG1167A+CA551A+CD11184A+CG11182A+OG999A+CD1379A+CG2556A+CG859A+NE2844A+NH2864A+NH1863A+SD954A+CA980A+CB983A+CD11151A+CE1381A+O972A+CB839A+ND1841A+O824A+CD2842A+CE1843A+C971A+CD1597A+CG840A+CG2616A+CB825A+CG2827A+CD860A+CD2598A+NE2635A+CB998A+CD2633A+CD2809A+O1199A+CD2564A+CH2151A+CG21183A+CD1563A+CD2178A+ND21012A+CE2180A+OD11011A+CZ2149A+O553A+CE512A+CG562A+CZ862A+CG1555A+CG1518A+CB1166A+OH182A+O535A+C552A+CG2519A+C543A+CB1181A+OH355A+CZ383A+CE1352A+CG378A+CZ354A+CD2391A+OG531A+O508A,+ALA127A+ARG112A+GLN74A+HIS110A+HIS126A+ILE151A+LEU54A+LYS73A+MET123A+MET69A+PHE53A+SER72A+TRP153A+TRP58A+VAL75A
/net/scratch/basantab/20190527_deNovoNTF2DockingBenchmark.bk/natives_w_pockets/cleaned_native_PDBs/d1m98a2_0001.pdb,d1m98a2,15,392.919982146,649.0,5.73205080757,9.4193680015,16.3140015259,10.5819507183,3.68731719393,1,179.0,16.314,61.4252674549,0.156330220518,76.2537400047,0.194069386821,255.240974687,0.649600392661,-2.85182056734,9.59607938644,17.8211469777,15.4581529713,10.9403469737,n/a,+176A+203A+207A+225A+227A+228A+230A+242A+243A+245A+246A+247A+248A+249A+250A+252A+275A+277A+278A+279A+284A+286A+288A+290A+305A+307A,+ASN249A+CYS247A+GLN230A+GLN248A+GLU176A+GLU245A+GLU246A+ILE288A+ILE305A+LEU207A+LEU225A+LEU250A+LEU252A+LEU307A+MET286A+PHE242A+PHE243A+PRO227A+PRO228A+PRO278A+THR277A+TRP279A+TRP290A+TYR203A+VAL275A+VAL284A,+O563A+CA561A+OE28A+CE874A+CG1051A+CG409A+CA398A+CG2791A+CD1890A+CD11052A+CG21036A+CG813A+CD410A+N575A+O554A+SD873A+CG2807A+CB1050A+CB408A+OE1429A+CB1034A+O407A+CD11037A+CG11035A+CB401A+CD2387A+CG1888A+NE1904A+OH219A+CD1386A+CZ528A+CE2527A+CG872A+CB789A+CG1790A+CD2616A+CD2251A+CE1537A+CE1526A+CD1615A+SG574A+OE1567A+CD1598A+CG1861A+CD2599A+CB564A+CB805A+OG1806A+CD814A+CD1821A+O578A+C562A+NE1823A+CB579A+ND2591A,+ASN249A+GLN230A+GLN248A+GLU176A+GLU245A+GLU246A+LEU307A+MET286A+PHE242A+PRO228A+PRO278A+THR277A+TRP279A+VAL284A
/net/scratch/basantab/20190527_deNovoNTF2DockingBenchmark.bk/natives_w_pockets/cleaned_native_PDBs/d1nwwa__0001.pdb,d1nwwa,117,373.663614697,517.999814749,5.51015023614,11.6613298271,20.8688246401,15.358674404,6.15117959093,1,142.999948859,10.628,101.60362504,0.271912011349,66.3979804479,0.17769453015,205.662009209,0.550393458501,-4.11838108821,9.3834586211,12.956773523,17.3263376281,12.7624695232,n/a,+101A+103A+114A+116A+130A+132A+134A+136A+139A+145A+146A+147A+35A+53A+55A+58A+59A+61A+69A+70A+73A+74A+77A+78A+80A+99A,+ALA61A+ARG99A+ASN55A+ASP101A+ASP132A+GLN69A+GLY73A+ILE116A+ILE80A+LEU103A+LEU114A+LEU136A+LEU145A+LEU147A+LEU35A+LEU58A+LEU74A+MET78A+PHE134A+PHE139A+PRO146A+PRO59A+THR70A+TRP130A+TYR53A+VAL77A,+CD2534A+O1112A+ND2395A+CB557A+CG2559A+CG2509A+CA524A+CE21007A+CD1581A+OG1508A+O506A+O1105A+CD2843A+CD1857A+CD2758A+OD2743A+CD21052A+CE21054A+NH2728A+CG756A+CD11023A+CE11006A+CD11115A+CZ1008A+OD2985A+SD566A+CD1757A+OD1394A+CE567A+CZ2964A+CD1232A+CG1579A+CB1113A+CB392A+CG393A+CD21116A+CD1533A+CH2966A+CD1417A+OH378A+CG1099A+CA1110A+CD21101A+C525A+CB415A+CD2418A+CB531A+CA528A+CG1558A+O422A+N388A+O526A+O370A+N527A+N433A+CA504A+O497A,+ALA61A+GLN69A+GLY73A+LEU145A+LEU147A+LEU58A+PRO146A+PRO59A+THR70A+VAL77A
/net/scratch/basantab/20190527_deNovoNTF2DockingBenchmark.bk/natives_w_pockets/cleaned_native_PDBs/d1of5a__0001.pdb,d1of5a,69,206.433382487,243.000086904,5.51065506229,8.20765974802,13.58172275,8.07106768775,2.69700468573,1,130.000046492,13.314,39.69248334,0.192277444965,20.2683236205,0.0981833624789,146.472575527,0.709539192556,-4.01024764879,9.10520925355,14.5742971525,11.330111927,7.03726255494,n/a,+292A+296A+311A+313A+368A+369A+371A+403A+405A+406A+436A+437A+439A+441A+443A+465A+467A,+ARG296A+ASN437A+GLU405A+LEU368A+LEU465A+LYS439A+LYS443A+PHE403A+PRO369A+SER436A+SER441A+THR371A+THR406A+TRP292A+VAL311A+VAL313A+VAL467A,+O821A+NZ887A+CB868A+OG869A+OD1837A+CG513A+CD2507A+CD1506A+CG505A+CG1365A+CB504A+CD514A+CZ2206A+CD21061A+CG2379A+O511A+N825A+NE1203A+CG21075A+NH2243A+CG2530A+CB1073A+OE2817A+CZ799A+CG11074A+CE1797A+CG1378A+CD815A+CD885A+CG814A+C820A+O812A+CA819A+O850A+CE886A,+ASN437A+LEU368A+LYS443A+PRO369A+SER436A+SER441A+THR406A+VAL311A+VAL313A
/net/scratch/basantab/20190527_deNovoNTF2DockingBenchmark.bk/natives_w_pockets/cleaned_native_PDBs/d1oh0a__0001.pdb,d1oh0a,90,660.27236435,1068.0,5.04605279181,8.92770549943,18.6780960635,13.6320432717,3.88165270762,1,390.0,22.0,101.983113928,0.154456129673,212.410478312,0.321701300524,345.878772111,0.523842569803,-2.76285193836,8.98182492104,20.9645366018,19.1365549519,21.138617319,n/a,+100A+101A+102A+103A+116A+119A+120A+121A+122A+124A+125A+16A+20A+38A+40A+41A+42A+44A+45A+47A+52A+56A+57A+59A+60A+61A+63A+64A+65A+66A+71A+85A+86A+88A+90A+91A+92A+97A+99A,+ASN124A+ASP100A+ASP103A+ASP40A+CYS97A+GLN44A+GLN52A+GLN59A+GLU122A+GLY60A+GLY63A+GLY64A+ILE102A+ILE47A+LEU125A+LEU61A+LEU99A+LYS65A+MET116A+MET90A+PHE42A+PHE56A+PHE86A+PRO41A+PRO45A+PRO85A+SER121A+THR71A+TRP120A+TRP92A+TYR119A+TYR16A+TYR57A+VAL101A+VAL20A+VAL38A+VAL66A+VAL88A+VAL91A,+O270A+O301A+CG318A+CG296A+CG1644A+CD2459A+CG2645A+N663A+CE2425A+OD1941A+CE3680A+O408A+CD1411A+OG1523A+CB614A+CG1486A+N617A+O325A+CE662A+SD661A+CA900A+CG2342A+CZ627A+CB317A+CD2423A+CD1949A+CG1744A+OD2290A+ND2942A+CB735A+CB302A+N283A+CB409A+O286A+CA888A+CB891A+O381A+CD1343A+CE1413A+N298A+CD297A+CB295A+N899A+O902A+C889A+N405A+CB750A+O890A+C901A+CB917A+CG2487A+C741A+OD1289A+CZ415A+CZ2910A+CH2912A+CZ3911A+CA914A+CG1751A+CE872A+N746A+CE2414A+NE2447A+N919A+OH108A+OD2761A+OD1760A+CA740A+CD2412A+NE1907A+O734A+CB443A+CA417A+CG2745A+CD1905A+CA449A+N448A+CA920A+CB476A+CG2140A+CE2106A+CE1625A+O742A+N739A+C733A+CD2730A+C441A+CB923A+CA611A+CG1139A+O620A+CG457A+O419A+CD1729A+CD2950A+OD1737A+C450A+CB947A+O451A+O442A+CZ3682A+CB643A+CG660A+CB674A+N464A+C454A+CB659A+SG717A+CA671A+O666A+N468A+N472A+N481A+C474A,+ASN124A+ASP100A+GLN44A+GLN52A+GLN59A+GLU122A+GLY60A+GLY63A+GLY64A+ILE102A+ILE47A+LEU125A+LYS65A+PHE42A+PHE56A+PHE86A+PRO41A+PRO45A+PRO85A+SER121A+THR71A+TRP120A+TRP92A+TYR119A+VAL66A+VAL91A
/net/scratch/basantab/20190527_deNovoNTF2DockingBenchmark.bk/natives_w_pockets/cleaned_native_PDBs/d1ohpa__0001.pdb,d1ohpa,117,538.40657434,1072.00038338,4.77860259172,9.30141113974,19.3145015173,14.5358989256,4.52280854802,1,371.00013268,19.314,109.317135269,0.203038262308,160.69118451,0.298456950878,268.398254561,0.498504786814,-2.65178805585,8.24956668753,19.3567489429,18.4283873135,14.6839525905,n/a,+112A+114A+116A+117A+118A+121A+14A+18A+38A+39A+42A+45A+54A+55A+57A+58A+60A+61A+63A+65A+82A+84A+86A+88A+91A+93A+95A+97A+99A,+ALA114A+ARG45A+ARG91A+ASN38A+ASN57A+ASP99A+GLU118A+GLY117A+ILE121A+LEU18A+LEU61A+LEU63A+LYS60A+MET112A+PHE116A+PHE54A+PHE82A+PHE86A+PRO39A+PRO97A+SER42A+SER58A+THR93A+TYR14A+TYR55A+TYR88A+VAL65A+VAL84A+VAL95A,+O418A+CZ882A+NH2331A+NH1330A+CG286A+CG729A+CE1880A+CE1395A+CB441A+CD684A+NE685A+CZ686A+OG1703A+CG2704A+CG2919A+CD1452A+O681A+CZ643A+O656A+CB657A+N653A+CD1920A+CD2453A+CE1641A+CB419A+CD2660A+CG2718A+OE1894A+C885A+CA884A+CE2881A+O875A+CG1717A+CG658A+CE2642A+CB285A+CB716A+N872A+CD1659A+CD1639A+CG638A+CD2640A+CG1625A+CB624A+CG2626A+CD287A+CD2468A+CD1467A+CB450A+O426A+CB728A+CE1609A+CZ611A+ND2280A+OD1279A+CB863A+OD1745A+CA447A+N446A+O276A+CG2480A+CD1138A+OD2746A+CA424A+CB427A+CB303A+CE2112A+OG428A+CZ397A+CD2139A+CE847A+OH114A+C417A+N423A+OG304A+CD2405A+CE2396A+CA416A+O390A+CD1393A+CE2407A+ND2422A+CA388A+NE328A+CB391A,+ARG45A+ARG91A+ASN57A+GLU118A+GLY117A+ILE121A+LEU61A+LYS60A+PHE116A+PHE54A+PRO39A+SER42A+THR93A+TYR88A
/net/scratch/basantab/20190527_deNovoNTF2DockingBenchmark.bk/natives_w_pockets/cleaned_native_PDBs/d1q40b__0001.pdb,d1q40b,85,196.065938719,188.85618014,8.28789364798,11.7930614873,17.6568059931,9.36891234513,3.50516783934,1,84.7925706752,12.169,54.0178404402,0.275508539592,20.5660173139,0.104893371323,121.482080965,0.619598089085,-3.8864656295,10.0169293921,11.1823591568,9.34357676426,9.394016891,n/a,+337B+338B+339B+367B+368B+383B+384B+386B+391B+394B+395B+398B+399B+444B,+ALA383B+ASN367B+ASN368B+GLN391B+GLN398B+GLY444B+LEU399B+LYS384B+LYS394B+MET339B+PHE337B+SER338B+SER386B+SER395B,+O685B+CB471B+OE1715B+O470B+OG613B+O1078B+CA1076B+ND2466B+NE2716B+OD1473B+O462B+OG687B+NZ599B+CG596B+CD2724B+ND2474B+CB590B+CE292B+CG472B+O589B+CA592B+C588B+CD1723B+CG722B+CB289B+CA683B+CB686B+CB677B+O594B+CE2277B+N285B+N682B+O647B+CD2275B+CA280B+O271B+CB648B,+ALA383B+ASN367B+GLN391B+GLN398B+GLY444B+LYS384B+LYS394B+SER386B
/net/scratch/basantab/20190527_deNovoNTF2DockingBenchmark.bk/natives_w_pockets/cleaned_native_PDBs/d1s5aa__0001.pdb,d1s5aa,103,59.5477519348,43.0,5.55714081731,7.53503207974,9.79978150443,4.24264068712,1.97789126243,1,18.0,5.686,5.29951604446,0.0889960724338,21.6844206371,0.364151793015,32.5638152533,0.546852134551,-7.91320800599,13.4247426574,8.21811404598,4.9898995136,4.26913632333,n/a,+139A+140A+141A+47A+48A+60A,+GLN141A+LEU140A+PHE139A+PRO48A+SER47A+TYR60A,+O1132A+OG379A+CA375A+CD386A+CB378A+OXT1141A+C1139A+CG385A+CE21127A+CD1481A+CE1483A+OH486A+O478A+CA476A,+GLN141A+LEU140A+PRO48A+SER47A+TYR60A
/net/scratch/basantab/20190527_deNovoNTF2DockingBenchmark.bk/natives_w_pockets/cleaned_native_PDBs/d1sjwa__0001.pdb,d1sjwa,84,765.287734241,859.504720735,7.18729205052,12.2207027426,21.8448482876,14.6575562371,5.03341069205,1,200.973862056,20.152,156.233772672,0.204150368131,262.652424133,0.343207413868,346.401537436,0.452642218001,-2.98588738109,9.73023134384,19.1077593877,20.9723141219,15.0228925935,n/a,+101A+103A+105A+107A+120A+121A+123A+124A+125A+128A+129A+135A+137A+141A+142A+15A+33A+34A+35A+36A+38A+39A+41A+51A+54A+55A+59A+65A+83A+90A+91A+92A+93A+94A,+ALA35A+ARG120A+ARG90A+ASN33A+ASP121A+ASP124A+GLN105A+GLU38A+GLY103A+GLY141A+GLY93A+HIS107A+HIS39A+ILE41A+LEU129A+LEU51A+LEU65A+LEU83A+LEU91A+MET94A+PHE101A+PHE125A+PHE15A+PHE59A+PRO123A+PRO135A+PRO137A+PRO34A+THR128A+THR36A+TRP142A+TRP54A+VAL55A+VAL92A,+CB738A+CE1310A+OE1300A+CG1739A+OG11037A+OE2301A+CD21015A+CE2463A+CG998A+CE21017A+OD2978A+O276A+O718A+CD1111A+CB306A+CZ464A+CE1812A+CZ3422A+CD1397A+O974A+CB964A+CG965A+CZ115A+CD11045A+CB1012A+CG1013A+CZ1018A+CE11016A+CA274A+O269A+CB277A+N273A+N971A+CG271A+CA961A+CD1114A+CG1113A+CZ31156A+CD21046A+CG2740A+CD21151A+CG1149A+CD11150A+CB297A+CD299A+CG298A+CA294A+N293A+OD1264A+CH2423A+O1090A+SD751A+CG750A+O737A+O1147A+CG1044A+O1011A+NE2842A+CD1732A+CD2309A+O305A+CE752A+CB1148A+CD2666A+O296A+CA1009A+CA735A+CG731A+CB1036A+N1039A+CB997A+N1000A+OD1977A+CA1145A+N741A+CG21038A+CD2733A+NE2311A+O1003A+CB1004A+O1143A+N734A+CA303A+CZ2421A+ND1308A+CA822A+CA279A+O824A+CG2284A+CG839A+OE1841A+CG976A+NE722A+CD840A+CD2398A+CE1858A+NE1418A+CG720A+CA727A+CE3420A+N821A+CB663A+O662A+CG2430A+CD1416A+CD1323A+CE1113A+CD2512A+CE2114A+CD2461A+CG1429A+CD1665A+CG110A,+ALA35A+ARG120A+ARG90A+ASP121A+GLU38A+GLY141A+HIS39A+ILE41A+LEU129A+PHE125A+PRO135A+PRO137A+PRO34A+TRP142A+TRP54A+VAL92A
/net/scratch/basantab/20190527_deNovoNTF2DockingBenchmark.bk/natives_w_pockets/cleaned_native_PDBs/d1tp6a__0001.pdb,d1tp6a,105,394.195684468,603.999783993,5.51015252639,9.80062906444,18.4561337065,12.9459811801,4.29047653805,1,181.999934912,15.0,110.466150916,0.2802317612,125.057591505,0.317247490098,158.671942047,0.402520748702,-4.21482373738,9.79359728766,19.2787159363,12.5704122903,13.5995709473,n/a,+100A+101A+103A+119A+122A+124A+126A+13A+16A+20A+36A+42A+44A+45A+46A+50A+55A+58A+59A+62A+65A+66A+92A+94A+96A+99A,+ARG100A+ARG103A+ARG66A+ASP96A+GLN94A+GLU124A+GLU92A+GLY99A+HIS13A+HIS46A+ILE16A+LEU122A+LEU20A+LEU50A+LEU55A+LEU58A+LYS62A+MET42A+PHE126A+PHE36A+PHE59A+PRO45A+SER101A+THR44A+THR65A+TRP119A,+CB748A+CB332A+CD341A+CG340A+CB339A+CD1156A+CG2334A+CD470A+CD1968A+OE2687A+CE1970A+CD1376A+CZ767A+NH2769A+OG749A+OE1953A+CG469A+NH1768A+CE1350A+O736A+OE2954A+OE1686A+ND1348A+N744A+C735A+CD2936A+CE320A+O732A+N733A+C731A+CZ3906A+CE195A+NE2704A+CB468A+OE1703A+NH2498A+CD1116A+CE3904A+CE1271A+CH2907A+SD319A+ND193A+OD1717A+CZ273A+CZ446A+CD1413A+CG2115A+CD2435A+NH1497A+CZ496A+NE495A+OD2718A+CE1444A+CD494A+CG433A+CD1434A+CD1442A+CD2157A+OG1486A,+ARG100A+ARG66A+ASP96A+GLY99A+HIS46A+LEU50A+LEU58A+LYS62A+PHE126A+PRO45A+SER101A+THR44A+THR65A
/net/scratch/basantab/20190527_deNovoNTF2DockingBenchmark.bk/natives_w_pockets/cleaned_native_PDBs/d1z1sa1_0001.pdb,d1z1sa1,19,583.204815484,996.000356197,4.73205137167,11.0592534096,21.3848439083,16.6527925366,6.32720203793,1,190.000067949,15.629,111.81631753,0.19172735643,294.298469264,0.504622838238,177.090028691,0.303649805332,-3.09832806821,9.7918891809,18.8710559121,15.3728671729,13.7869804118,n/a,+101A+115A+117A+119A+11A+124A+127A+128A+14A+22A+32A+34A+41A+42A+45A+51A+54A+55A+56A+57A+58A+61A+62A+64A+66A+84A+90A+92A+93A+97A,+ALA127A+ALA90A+ARG56A+ASP117A+HIS124A+HIS54A+HIS61A+ILE51A+LEU11A+LEU128A+LEU14A+LEU32A+LEU57A+LEU62A+LEU97A+LYS42A+MET55A+PHE34A+PHE45A+PHE58A+PHE66A+PHE84A+SER93A+TRP119A+TRP22A+TRP41A+TYR101A+TYR115A+VAL64A+VAL92A,+ND1505A+CE1480A+CB439A+CD2778A+CD21013A+O438A+CE2272A+CZ367A+CE11014A+N741A+CB745A+N748A+O502A+CB733A+CG2747A+OG753A+CA730A+CB503A+CA1039A+CB513A+CD11044A+CG1043A+CZ552A+CD1515A+CD2506A+CB468A+CB1037A+CG504A+NE2508A+CD2516A+CD1478A+CA473A+N472A+C466A+N464A+CD1777A+OH812A+OD2946A+C447A+N453A+CB457A+NE21015A+CD21045A+CZ2969A+CE1365A+CG1529A+CZ482A+CB476A+CA446A+CD1111A+SD451A+C437A+CH2329A+CZ2327A+CD2112A+CE452A+CE1550A+CZ3328A+CE2325A+CD285A+CE1693A+CZ2173A+CE1809A+CD2965A+CE2967A+CH2971A+ND1441A+CE3326A+NE1324A+OH927A+CZ695A+CD1807A+CH2175A+CD1964A+OD1945A+CZ273A+NE1966A+CD2323A+CE1271A+O411A+CE2366A+CB320A+CG321A+O333A+CB334A+CE2925A+CD1252A+CD2253A+CD2364A+N330A+CA317A+CG944A+CD1363A+CE1507A+CB752A,+ARG56A+HIS54A+HIS61A+LEU128A+LEU57A+LYS42A+PHE45A+SER93A+TRP41A+VAL92A
/net/scratch/basantab/20190527_deNovoNTF2DockingBenchmark.bk/natives_w_pockets/cleaned_native_PDBs/d2a15a1_0001.pdb,d2a15a1,74,588.405660062,849.0,3.77860234688,11.3526498432,25.9741876588,22.1955853119,7.57404749636,1,197.0,17.0,161.747884087,0.27489178821,137.373790924,0.233467827127,289.283985051,0.491640384663,-4.14600617178,9.78413417626,18.9440378488,14.2379013497,23.0305662374,n/a,+100A+101A+102A+105A+106A+107A+111A+113A+124A+128A+130A+133A+135A+16A+17A+20A+28A+32A+40A+46A+47A+63A+66A+67A+68A+70A+71A+72A+73A+75A+93A+95A+96A+97A+98A+99A,+ALA70A+ARG72A+ASN71A+ASP100A+ASP40A+GLU106A+GLU98A+GLY101A+GLY102A+HIS67A+HIS96A+ILE68A+LEU130A+LEU73A+LEU93A+LEU95A+MET124A+MET133A+MET32A+PHE111A+PHE135A+PHE63A+PHE99A+SER105A+SER16A+SER97A+THR47A+THR66A+TRP128A+TRP17A+TRP28A+TYR113A+VAL107A+VAL20A+VAL46A+VAL75A,+CG2460A+O457A+O961A+OE1705A+CB702A+N730A+NH1506A+CD2965A+CB317A+N707A+OD2278A+CG2319A+CG502A+CZ434A+CA490A+CB711A+C700A+CA708A+O487A+O701A+CA83A+N718A+CD2515A+O464A+O755A+CZ717A+CE2716A+CE1715A+CD2714A+CD1713A+OD2725A+CB493A+CA759A+O677A+OG757A+CE11005A+OG697A+N692A+CG712A+N489A+C486A+CB488A+N767A+C760A+N758A+CZ1007A+CE989A+C676A+CB678A+C684A+CD1514A+CB696A+OD1495A+CB771A+CG1772A+CE908A+SD988A+CG987A+CZ3948A+CH2949A+CD1680A+CG2529A+CB86A+CG2119A+CG1318A+ND1467A+CB962A+CD2681A+CG1528A+CZ2947A+N82A+C78A+O79A+CG2326A+CE1469A+CD1665A+OH825A+OG81A+CD1478A+NE1184A+CB465A+CD1802A+OD1277A+OG1325A+CB324A+CB80A+CZ2187A+CE218A+CE1822A+N726A+CG906A+CB905A+C709A,+ALA70A+ARG72A+ASP100A+GLU98A+GLY101A+GLY102A+HIS67A+LEU130A+PHE135A+PHE99A+THR66A+VAL46A
/net/scratch/basantab/20190527_deNovoNTF2DockingBenchmark.bk/natives_w_pockets/cleaned_native_PDBs/d2bnga1_0001.pdb,d2bnga1,116,383.067843076,597.0,6.19281610602,10.0368483378,16.9029593734,10.7101432674,3.84403223176,1,221.0,14.315,75.5465124065,0.19721444588,143.889909726,0.37562513358,163.631420944,0.42716042054,-3.50427892522,9.15920160623,16.9534075157,12.84910526,11.3705273396,n/a,+100A+102A+104A+106A+120A+122A+124A+129A+133A+25A+28A+46A+48A+52A+54A+63A+64A+67A+71A+73A+74A+75A+91A+93A+94A+95A+97A,+ALA94A+ARG91A+ASN48A+ASP122A+ASP93A+GLU74A+ILE54A+ILE97A+LEU100A+LEU133A+LEU25A+LEU28A+LEU63A+LEU64A+LEU95A+MET129A+MET67A+PHE104A+PHE124A+PHE73A+SER52A+TRP120A+TYR46A+VAL102A+VAL106A+VAL71A+VAL75A,+CE931A+SD930A+CG2693A+CG1461A+CB460A+CD1656A+CD1325A+SD430A+CG2462A+CD1473A+CE431A+CD1639A+CD2675A+CG929A+CE1475A+CZ477A+CD2393A+CB637A+CD2640A+CB691A+CD2401A+CE2259A+CB960A+OH261A+OG306A+CG1692A+CD1120A+CG472A+CH2846A+ND2278A+O927A+CD2121A+CB471A+CZ2844A+O631A+CG638A+CZ713A+CG276A+CG2493A+O481A+CB624A+OD1277A+CB275A+CZ888A+CE2887A+CG625A+OD1626A+OD2865A+CE1711A+CE1886A+NH2612A+CD2100A+CD1884A+CG2734A+CB862A+CG1733A,+ASN48A+ILE54A+ILE97A+LEU100A+LEU133A+LEU63A+MET129A+MET67A+PHE124A+SER52A+VAL102A+VAL71A
/net/scratch/basantab/20190527_deNovoNTF2DockingBenchmark.bk/natives_w_pockets/cleaned_native_PDBs/d2cc3a1_0001.pdb,d2cc3a1,104,549.133638462,957.0,6.92486525311,9.62988528486,17.5571422134,10.6322769603,2.70502003175,1,409.0,23.314,163.473117277,0.297692776088,163.552968863,0.297838189846,222.107552321,0.404469034066,-1.82987703969,9.71626349436,23.1552968409,16.551706877,12.6544711498,n/a,+109A+110A+111A+112A+135A+136A+139A+140A+146A+148A+151A+152A+158A+179A+181A+189A+190A+191A+192A+193A+222A+223A+224A+225A+226A+227A+228A+229A,+ALA190A+ARG109A+ARG179A+ASN135A+ASP227A+GLN223A+GLU110A+GLU226A+ILE151A+LEU152A+LEU158A+LEU181A+MET189A+PHE139A+PHE140A+PRO148A+SER111A+SER191A+SER225A+THR146A+THR192A+THR224A+THR228A+TRP193A+TYR112A+TYR136A+TYR222A+VAL229A,+CB1084A+CG793A+CA789A+CH2827A+CZ3826A+CD1503A+NH2721A+CD2504A+CD2736A+N1071A+CB792A+SD794A+CD1735A+CG2495A+CG502A+CB493A+N796A+C790A+O791A+CB733A+CD2550A+CG1494A+CA467A+OD21087A+O799A+N729A+CD1549A+O456A+CB470A+N466A+C798A+CA797A+O714A+NH1720A+OE2160A+CB805A+N801A+CD717A+CD472A+CG471A+CB171A+OG806A+CZ399A+O164A+CB1099A+CG11100A+CA802A+OE21079A+OE11078A+O155A+CE1397A+CE2398A+CE1408A+CD1077A+CZ2825A+C154A+O144A+CG21064A+OE1159A+O1083A+N807A+CA153A+O1040A+O1091A+CG1076A+CD1395A+CB1075A+CG394A+CD2396A+CG146A+CB393A+NE148A+CD1365A+NH2151A+O354A+CA1066A+O1061A+OD1357A+CE21046A+N1058A+CD21044A+CA1050A,+ALA190A+ASN135A+ASP227A+GLN223A+GLU226A+ILE151A+LEU152A+LEU181A+MET189A+PHE139A+SER191A+SER225A+THR146A+THR192A+THR224A+THR228A+TYR222A+VAL229A
/net/scratch/basantab/20190527_deNovoNTF2DockingBenchmark.bk/natives_w_pockets/cleaned_native_PDBs/d2chca1_0001.pdb,d2chca1,82,629.003896019,712.000127316,7.73205126844,13.6319077006,25.974346791,18.2422955226,5.8998564322,3,137.000024498,16.0,181.324401792,0.288272303145,191.052188682,0.303737687305,256.627305544,0.407990009551,-4.85475782818,10.1642792521,20.3230758408,17.882578405,18.0021383997,n/a,+103A+104A+105A+106A+107A+108A+109A+126A+127A+128A+129A+130A+131A+139A+140A+141A+147A+151A+154A+155A+21A+25A+43A+44A+45A+46A+47A+59A+63A+71A+88A+89A+90A+93A,+ALA139A+ALA90A+ARG126A+ARG128A+ARG131A+ARG88A+ASN129A+ASN141A+ASP130A+ASP46A+GLU108A+GLU44A+GLY105A+GLY107A+GLY47A+HIS63A+HIS71A+ILE103A+ILE25A+LEU104A+LEU127A+LEU154A+LEU155A+PHE43A+PHE45A+SER106A+SER89A+TYR109A+TYR21A+TYR59A+VAL140A+VAL147A+VAL151A+VAL93A,+OE2828A+N697A+CB690A+CD826A+OE1827A+ND21110A+CE2472A+N1023A+O1018A+O1026A+CD11195A+CB1019A+CB1107A+NH21041A+OD11021A+OD1362A+CE1353A+CD1351A+NE2502A+CB1148A+CG21150A+CD2805A+CG1009A+CD2500A+CB1193A+O793A+CG11149A+CG1726A+NE2568A+CD1804A+CG803A+CG21174A+CD1202A+CA1169A+OH474A+CG11173A+O1171A+C1105A+O1099A+CA1104A+O801A+CG1202A+CD21204A+CG11101A+CB725A+N806A+CG2727A+CD2566A+CE2171A+OH173A+CE2334A+C358A+C800A+CA807A+CZ335A+CG350A+N1103A+CD21003A+OH840A+CB1095A+OD2363A+CG361A+CB360A+C808A+CB1100A+ND21022A+CG1108A+OD11109A+CB349A+N810A+N1096A+CA1092A+CG1020A+O1007A+N356A+O813A+NE1038A+O999A+CA357A+NH2995A+N1015A+OE2344A+CB1027A+N364A+CA1005A+CA346A+CG341A+CA365A+NH11040A+CZ1039A+CG990A+C1017A+CG1036A+CB1008A+NE992A+OD11029A+C818A+N1031A+O1034A+CA1024A+CB1035A+CA704A+CB824A+NE1011A+C699A+CG825A+CD1010A,+ALA90A+ARG126A+ARG128A+ARG131A+ARG88A+ASN129A+ASP130A+ASP46A+GLU108A+GLU44A+GLY107A+GLY47A+SER89A
/net/scratch/basantab/20190527_deNovoNTF2DockingBenchmark.bk/natives_w_pockets/cleaned_native_PDBs/d2cw9a1_0001.pdb,d2cw9a1,107,269.026897729,368.000065804,9.72821416786,11.6367484277,15.4561375222,5.72792335435,1.90853425987,1,196.000035048,15.314,74.3011085662,0.276184683366,61.6666586779,0.229221164124,133.059130485,0.49459415251,-4.08731328573,10.0183738433,13.3005799148,15.3617820869,10.2449486447,n/a,+331A+332A+339A+347A+351A+355A+365A+367A+397A+399A+400A+401A+417A+419A+421A+443A+444A+445A,+ALA445A+ILE332A+ILE355A+ILE443A+LEU339A+LEU351A+LEU397A+LEU417A+MET331A+MET399A+MET419A+PHE365A+SER367A+SER444A+THR347A+TYR421A+VAL400A+VAL401A,+CB649A+CD2547A+CD1682A+CB1395A+CG21036A+CG486A+OH1197A+CD1755A+CE1022A+O492A+CD11006A+SD1021A+CD11157A+CE1757A+CD2652A+CA646A+O648A+CG21383A+CE488A+CB485A+O484A+OG775A+CG11382A+SD1176A+CA490A+CG1680A+CD11384A+CE1177A+C483A+CG1175A+CG1020A+CG650A+CG2495A+CB1019A+N1023A+CA676A+C1387A+CE11194A+CG2617A+N489A+N1030A+CA1024A+C1017A+CA1386A,+ALA445A+ILE355A+ILE443A+LEU351A+LEU417A+MET399A+MET419A+PHE365A+SER444A+THR347A+VAL400A+VAL401A
/net/scratch/basantab/20190527_deNovoNTF2DockingBenchmark.bk/natives_w_pockets/cleaned_native_PDBs/d2f86b1_0001.pdb,d2f86b1,104,631.539041219,1457.00026053,6.56047832335,11.5430908598,20.4600339022,13.8995555788,4.98261253644,1,401.000071704,18.0,151.736416999,0.240264507964,242.84188542,0.38452394796,236.9607388,0.375211544076,-1.79679925565,10.0434245527,24.7957485909,15.8921146642,15.1542757834,n/a,+361B+364B+365B+367B+372B+384B+385B+386B+398B+400B+401B+402B+405B+407B+408B+409B+410B+412B+433B+435B+437B+438B+439B+440B+447B+448B+449B+453B+467B+469B+471B,+ARG440B+ARG447B+ARG453B+ARG469B+ASN405B+ASN408B+ASP439B+GLN409B+GLN448B+GLU384B+GLU386B+HIS398B+ILE364B+LEU361B+LEU438B+LYS367B+LYS407B+LYS433B+PHE400B+PHE402B+PHE437B+PRO385B+SER365B+SER449B+THR412B+THR435B+THR471B+TYR372B+TYR401B+VAL410B+VAL467B,+CD836B+CB469B+CG347B+CA343B+CD2472B+OD1774B+ND1439B+CB854B+CE2474B+CE192B+CB504B+OD1534B+O531B+C530B+ND2535B+OG855B+O176B+NZ193B+OE1543B+CB532B+O522B+OG178B+CG533B+O763B+C770B+CD1172B+OXT1042B+O168B+CG1550B+O468B+CA466B+OG1738B+NZ724B+CA769B+N776B+CA174B+CB549B+CB753B+O457B+NE837B+OE1349B+O844B+NH1889B+OH476B+C167B+CG2171B+CE1485B+CD1755B+CE1757B+CA529B+N173B+CG2568B+CG2551B+NH2840B+CG754B+CG340B+O147B+CB169B+CE1237B+CB437B+CG2739B+O436B+CG470B+CB148B+CA145B+NH2890B+CG1170B+OH240B+CD1471B+NH1839B+CD2151B+CD722B+CE1473B+CZ759B+CE723B+NH11030B+OE1333B+CD348B+CZ838B+CE1441B+CZ1029B+NH21031B+OE2334B+CB346B+CG11009B+NE1028B+CG21010B+CD1027B+OE2350B+CB339B,+ARG440B+ARG447B+ASN405B+ASN408B+ASP439B+GLN409B+GLN448B+GLU386B+LEU438B+LYS367B+PHE400B+PHE437B+PRO385B+SER449B+THR471B+TYR401B
/net/scratch/basantab/20190527_deNovoNTF2DockingBenchmark.bk/natives_w_pockets/cleaned_native_PDBs/d2f99a__0001.pdb,d2f99a,80,614.600286498,768.999724984,7.2886886607,12.0622184148,20.1772743091,12.8885856484,4.77352975411,2,125.999954939,14.629,158.293678699,0.257555491229,232.384247122,0.378106311089,223.922360677,0.364338197682,-2.98717025801,9.4631045919,18.330576429,19.6408824938,16.4978512288,n/a,+101A+103A+105A+107A+120A+121A+123A+124A+125A+128A+129A+137A+139A+141A+15A+33A+35A+36A+38A+39A+40A+50A+51A+54A+55A+59A+65A+83A+91A+92A+94A,+ARG120A+ASN33A+ASN51A+ASP121A+ASP124A+GLN105A+GLU38A+GLY103A+GLY35A+HIS107A+HIS141A+ILE50A+LEU65A+LEU83A+MET91A+MET94A+PHE101A+PHE39A+PHE59A+PRO123A+PRO137A+THR128A+THR139A+THR36A+THR40A+TRP54A+TYR125A+TYR129A+TYR15A+VAL55A+VAL92A,+O1010A+OG11037A+CD2425A+O973A+CE11047A+SD755A+CG1118A+CB1117A+O278A+CD11045A+CE756A+O741A+CZ313A+O1132A+N1145A+CB1043A+CG2744A+CB1150A+CD21014A+CB1011A+CE737A+CB742A+OE1301A+CE2120A+CG1743A+OE2302A+CA1008A+CG21038A+CE21016A+CG735A+CB1036A+OH1018A+SD736A+CE1311A+CB298A+CA276A+CE3428A+CG2285A+O1002A+CB996A+CZ474A+CH2431A+CZ2429A+CB422A+CG2320A+N999A+CG997A+C818A+CA817A+CA993A+CD1805A+CE1807A+CD998A+N275A+O819A+NE2837A+CB669A+CD2672A+N970A+OD2977A+CE2473A+OD1266A+CA960A+OD1976A+CZ3430A+C277A+CD1309A+CG423A+CG308A+CB307A+CE1854A+ND2267A+CG2438A+OD1404A+CB283A+CD1424A+OE1836A+ND2405A+CA399A+CG2396A+CD2522A+CD1671A+OH122A+N398A+O393A+CD1521A+CZ121A+CG520A+CD2118A+C392A,+ARG120A+ASN33A+ASP121A+GLU38A+GLY35A+HIS141A+MET94A+PRO137A+THR139A+TYR125A+TYR129A+VAL92A
/net/scratch/basantab/20190527_deNovoNTF2DockingBenchmark.bk/natives_w_pockets/cleaned_native_PDBs/d2gexa1_0001.pdb,d2gexa1,98,833.277496204,1375.0,6.14242736812,12.3546199454,26.8995588225,20.7571314544,6.21219257729,1,302.0,20.0,106.70748928,0.128057567576,406.937998885,0.488358320894,319.632008039,0.38358411153,-2.90419449564,9.9661876766,18.0380906017,26.6166482794,15.4595145814,n/a,+100A+102A+104A+106A+108A+119A+121A+123A+125A+128A+129A+132A+137A+138A+139A+13A+17A+25A+29A+35A+36A+37A+38A+43A+47A+48A+51A+52A+55A+59A+62A+64A+82A+86A+90A+91A+93A+96A,+ALA55A+ARG51A+ASP121A+ASP137A+ASP37A+ASP38A+CYS82A+GLU106A+GLU47A+GLY138A+HIS119A+HIS35A+HIS86A+ILE93A+LEU108A+LEU128A+LEU132A+LEU139A+LEU62A+LEU64A+MET13A+MET52A+MET91A+PHE123A+PHE125A+PHE129A+PHE59A+PHE90A+THR96A+TRP102A+TRP17A+TRP29A+TYR104A+TYR36A+VAL100A+VAL25A+VAL43A+VAL48A,+CE2698A+OD1287A+OD1295A+CB988A+CD2991A+CZ1026A+CE21025A+CD2483A+NE398A+O1082A+CZ994A+CG1768A+CD2847A+CD11052A+CG989A+CE707A+O1090A+CB969A+C359A+NE1789A+CH2794A+CB704A+CA282A+CD2502A+CD1482A+CD2696A+NE1219A+OE1364A+NH2401A+CD1719A+SD91A+CG1187A+CZ2222A+CE409A+CZ2121A+CG1371A+SD408A+ND1932A+NE1118A+CB293A+CE2993A+OE2830A+CE1934A+CE1267A+CG407A+CD11014A+NE2935A+CD2933A+CH2123A+CA403A+N366A+O360A+OH813A+CG2336A+CE3120A+CE2119A+CZ3122A+OD1956A+CB428A+O394A+CG396A+CA367A+CG1335A+CB395A+CB361A+CZ975A+CD1501A+OD2957A+CG2372A+CZ399A+NH1400A+CD397A+CB285A+CE1667A+CG500A+CE2811A+CZ812A+CG2718A+CB334A+CZ699A+CG705A+SD706A+O968A+CD2809A+SG640A+CZ2792A+CE1810A+O272A+CE2459A+CG807A+CD1808A+CB954A+C271A+N281A+CE2974A+CZ460A+NE2668A+CB693A+O953A+CE2790A+CE1973A+CZ3793A+CG664A+ND1665A+CB716A+CD2788A+CG2769A+CE1458A+CD1971A+CE3791A+CE1992A+N289A+CD2972A+CB767A+CG286A+OG1737A+CG2738A+CG294A+N965A+OD2288A+CB1083A+OD2296A+CG1013A+CD21015A+OXT1095A+CD1990A+CA1088A+C1093A+O1094A,+ASP137A+ASP37A+ASP38A+GLU47A+GLY138A+ILE93A+LEU139A+MET91A+PHE123A+PHE125A+PHE129A+VAL43A
/net/scratch/basantab/20190527_deNovoNTF2DockingBenchmark.bk/natives_w_pockets/cleaned_native_PDBs/d2geya1_0001.pdb,d2geya1,82,1025.50297935,1602.00057292,8.55714292986,12.7930119236,26.0058829961,17.4487400662,4.23586899374,1,713.000254989,31.0,247.410928777,0.241258127729,274.292016905,0.26747071674,503.800033664,0.491271155531,-2.27636334663,10.1375980444,34.0234420406,27.6769901125,17.2776919895,n/a,+100A+101A+102A+103A+104A+105A+106A+107A+10A+117A+118A+119A+120A+121A+122A+123A+124A+125A+128A+129A+134A+135A+136A+138A+13A+141A+14A+17A+25A+29A+36A+37A+38A+42A+47A+50A+51A+53A+54A+61A+63A+69A+74A+75A+76A+77A+78A+79A+80A+81A+89A,+ALA76A+ARG124A+ARG129A+ARG74A+ARG78A+ASN122A+ASP119A+ASP135A+CYS10A+GLU105A+GLU106A+GLU38A+GLY53A+GLY54A+HIS102A+HIS117A+ILE121A+ILE25A+ILE79A+LEU103A+LEU107A+LEU141A+LEU50A+LEU61A+LEU63A+LEU77A+LYS138A+MET123A+MET13A+MET47A+MET51A+MET69A+PHE89A+PRO125A+PRO134A+SER100A+SER37A+THR80A+TRP101A+TRP118A+TRP17A+TRP29A+TYR36A+VAL104A+VAL120A+VAL128A+VAL136A+VAL14A+VAL42A+VAL75A+VAL81A,+O1074A+CG2812A+N1071A+CA1064A+OE2830A+CG1811A+N822A+O925A+O64A+N587A+O989A+CZ983A+CE974A+O954A+CD981A+OG1624A+ND1794A+CE1692A+N936A+O388A+CD1958A+CB990A+O947A+CA945A+CB573A+NH1984A+O533A+CD1391A+O572A+C571A+CG991A+CA581A+C582A+CB591A+CB926A+CB88A+CD828A+NE2797A+ND2966A+CD21115A+OD1965A+O590A+C589A+OE1829A+CB826A+NH2985A+SD973A+N600A+C594A+CB65A+CD1837A+CG2957A+CD2473A+CG1949A+CB604A+CD1598A+O939A+CD2599A+CE91A+CD2838A+N414A+C412A+CB810A+CG2950A+O809A+CG298A+CD1618A+OE1820A+N92A+CD819A+OD2943A+OE2821A+NE1225A+SD367A+CD606A+CB948A+C938A+C86A+NE2921A+CD2919A+CD1690A+CG917A+ND1918A+CD1115A+O87A+O280A+CG2188A+CE1920A+CG605A+NE1117A+CA290A+CZ2228A+CG972A+CB792A+O801A+N798A+C800A+N806A+N295A+N951A+CE400A+CD2805A+CA799A+CD2490A+CD1804A+SD399A+CG793A+C790A+O791A+N959A+CG488A+CZ2120A+CG398A+CG366A+CB293A+CB963A+C953A+CG2632A+CD1489A+CD2116A+OD1942A+OG294A+CG300A+CE2118A+O1059A+CG21015A+CD2795A+CA960A+CB955A+CG1021A+C387A+CE368A+N975A+CG964A+CG1631A+NE1782A+CD1472A+CE3119A+CH2122A+CZ3121A+O364A+CZ2785A+CA394A+N393A+CB389A+NE982A+N967A+O396A+OG773A+CB979A+CE2783A+C416A+CA415A+CG390A+CG11014A+CB971A+CD2392A+CG980A+CA976A+CZ694A+CA386A+CA1086A+CA987A+N768A+CE2693A+CB1013A+CG2335A+O413A+CG827A,+ALA76A+ARG124A+ARG129A+ARG74A+ARG78A+ASP119A+ASP135A+GLU106A+GLU38A+GLY53A+HIS102A+LEU141A+LEU50A+LEU77A+LYS138A+MET123A+MET47A+MET69A+PHE89A+PRO125A+PRO134A+SER100A+SER37A+THR80A+TRP118A+TYR36A+VAL104A+VAL120A+VAL128A+VAL136A+VAL42A
/net/scratch/basantab/20190527_deNovoNTF2DockingBenchmark.bk/natives_w_pockets/cleaned_native_PDBs/d2gxfa1_0001.pdb,d2gxfa1,58,838.789192403,1738.00062156,6.46027192871,10.716838274,19.656918408,13.1966464793,4.25656634531,2,244.000087261,18.315,201.265968388,0.2399482137,243.305031613,0.290066960586,394.218192402,0.469984825714,-1.46533649099,10.1588385149,21.4877356726,18.0236564427,17.7245330713,n/a,+100A+101A+104A+106A+10A+116A+119A+121A+122A+125A+12A+13A+16A+17A+28A+34A+35A+36A+52A+55A+56A+58A+59A+60A+63A+65A+66A+67A+6A+83A+85A+87A+98A+99A+9A,+ALA56A+ARG100A+ARG101A+ASN60A+ASP119A+ASP125A+ASP13A+CYS116A+CYS12A+GLN17A+GLN67A+GLU99A+ILE16A+ILE55A+ILE63A+ILE9A+LEU34A+LEU87A+LYS6A+MET98A+PHE106A+PHE52A+PHE59A+PRO65A+SER10A+SER121A+SER83A+THR66A+THR85A+TYR104A+TYR122A+TYR28A+TYR58A+VAL35A+VAL36A,+CE2899A+NE715A+CB518A+CG519A+CD2682A+CG98A+OD199A+CA94A+CA709A+O117A+CD1681A+CD1121A+CD2272A+CB679A+CG2433A+CB431A+O430A+O916A+CG1285A+CG2120A+OD1919A+OD1477A+CD2897A+OH901A+CD714A+OG889A+O283A+OE1535A+CB97A+O71A+CD175A+OG1665A+N76A+CA436A+O438A+CG274A+O702A+O46A+CB452A+CG1432A+CD1407A+CD1434A+CD1454A+CG453A+O451A+CD1271A+CE1409A+CD2467A+CE2227A+CA281A+O276A+CA123A+N122A+CZ411A+OH229A+CZ228A+SG92A+CB851A+CG127A+CZ752A+CB118A+OD2875A+CB91A+SG852A+CE2770A+CG2666A+N460A+C450A+CB464A+O96A+OD1874A+N93A+CA461A+CB888A+OD2100A+CZ771A+C462A+N471A+NH1717A+N719A+CE1750A+CD1748A+CA69A+OH753A+CE2469A+C523A+NH2718A+CA77A+CB475A+CB503A+CD520A+N528A+CZ716A+CG2505A+CB917A+CB664A+N521A+CB695A+CB894A+OG650A+CA529A+CG476A+CG713A+CB712A+CA676A+N675A+O524A+O663A+C701A+N699A,+ARG100A+ARG101A+ASN60A+ASP125A+GLU99A+ILE55A+LEU87A+MET98A+PHE59A+TYR122A+TYR58A+VAL36A
/net/scratch/basantab/20190527_deNovoNTF2DockingBenchmark.bk/natives_w_pockets/cleaned_native_PDBs/d2i9wa1_0001.pdb,d2i9wa1,106,447.842152411,756.0,5.97085597374,8.88870908069,13.9764654254,8.00560945167,2.91785310695,1,260.0,22.628,82.5802281442,0.184395836121,185.907438198,0.415118222341,179.354486069,0.400485941537,-2.96588925994,9.11178350772,15.5800878228,20.9692450143,13.5696109089,n/a,+118A+120A+122A+123A+124A+131A+133A+134A+135A+152A+154A+155A+156A+157A+56A+59A+63A+71A+82A+83A+84A+87A+88A+91A+94A+95A+96A+97A,+ALA120A+ALA87A+ARG59A+ASP154A+ASP84A+ASP96A+GLU133A+GLU94A+HIS131A+ILE71A+ILE88A+LEU134A+LEU82A+LEU83A+LYS123A+MET56A+PHE118A+PHE122A+PHE152A+PHE63A+PRO155A+SER135A+THR124A+THR156A+THR95A+TRP91A+TRP97A+VAL157A,+CD2623A+CD1367A+O392A+CA299A+CH2374A+OD2885A+O293A+OE2712A+OG726A+CD2691A+OE1711A+C895A+CE2625A+CB409A+CE2588A+NE1369A+CG2212A+CB365A+CG1905A+CA399A+OG1403A+NE2693A+CE1692A+CA722A+O716A+CE83A+CZ589A+C391A+CG891A+CE1867A+CG709A+CZ869A+CD892A+CZ626A+CD710A+CB603A+NH2112A+CD2143A+CE2145A+CE2868A+CB688A+CH2426A+CZ3425A+CZ146A+CG689A+OD1884A+ND1690A+CG2899A+OG1898A+CE1144A+CD1304A+CZ3373A+CD2305A+CZ2372A+CD1343A+CG2342A+CG1341A+CE3371A+CG2404A+CE2370A+CD2368A+N405A+CA337A+O630A+CG2642A+CG366A+N306A+O309A+N336A+O334A+N398A+O364A+CB335A,+ALA87A+ASP84A+ASP96A+GLU133A+GLU94A+HIS131A+ILE88A+LEU134A+LEU82A+LYS123A+PHE122A+PRO155A+SER135A+THR124A+THR156A+THR95A+TRP91A+VAL157A
/net/scratch/basantab/20190527_deNovoNTF2DockingBenchmark.bk/natives_w_pockets/cleaned_native_PDBs/d2k54a1_0001.pdb,d2k54a1,47,452.937106609,540.000193119,5.97135486042,11.4969443068,22.2850671385,16.3137122781,5.52558944633,1,187.000066876,14.628,82.6504209665,0.182476595007,246.383832805,0.543969193979,123.902852837,0.273554211013,-4.10653105585,9.22306102957,15.5344416152,16.6863445487,15.6519390508,n/a,+111A+113A+116A+12A+13A+16A+24A+28A+34A+36A+37A+42A+52A+53A+56A+59A+61A+80A+82A+84A+85A+86A+93A+95A+97A+99A,+ALA36A+ARG52A+ARG56A+ARG84A+ASN85A+ASP61A+CYS97A+GLN12A+GLU59A+GLU80A+HIS53A+ILE113A+LEU13A+LEU42A+PHE111A+PHE24A+PHE37A+PHE86A+PRO116A+TRP28A+TYR16A+TYR34A+TYR99A+VAL82A+VAL93A+VAL95A,+NH2683A+NH1456A+O412A+CD1345A+CB451A+CG1912A+CG892A+CG483A+OD2501A+O91A+CB123A+OE1485A+N684A+CB677A+CE1192A+CD1125A+CG124A+CD1103A+CA98A+O687A+CA448A+CZ455A+N447A+CG452A+CE1127A+CZ194A+CD2126A+OH797A+NE454A+CD679A+CD2427A+OH130A+NE2429A+CZ129A+CE2128A+OE1650A+CG648A+CD1698A+CE1700A+NH2457A+CG414A+CG2665A+OE2651A+CD649A+NH1682A+CH2235A+CE1280A+CE1428A+SG777A+CD415A+OH283A+CG1765A+CE2281A+CG2766A+CZ702A+CG1750A+CZ897A+CE2896A+CD2894A+CD1914A+CG2913A+CB300A+N928A+CB911A+N301A+CB305A+N907A,+ALA36A+ARG52A+ARG56A+ASN85A+ASP61A+GLU59A+ILE113A+LEU42A+PHE37A+PHE86A+PRO116A+VAL93A
/net/scratch/basantab/20190527_deNovoNTF2DockingBenchmark.bk/natives_w_pockets/cleaned_native_PDBs/d2owpa1_0001.pdb,d2owpa1,9,394.093502091,541.0,4.77860165082,10.3951119458,18.9494479436,14.1708462928,5.616510295,1,128.0,11.314,89.0049077934,0.225847184288,117.518894636,0.298200538738,187.569699661,0.475952276974,-4.06124077941,9.35666755604,17.3591418911,12.7408262898,11.1925266647,n/a,+102A+104A+120A+122A+124A+19A+23A+26A+31A+35A+43A+46A+48A+59A+60A+63A+64A+65A+66A+67A+70A+91A+93A+95A+96A,+ALA120A+ALA95A+ARG43A+ARG60A+ARG70A+ASN26A+CYS63A+GLN102A+GLN104A+GLU48A+GLU64A+ILE46A+LEU124A+LEU23A+MET31A+PHE35A+PHE91A+PRO65A+PRO67A+SER93A+THR96A+TRP59A+TYR19A+VAL122A+VAL66A,+CD539A+CE1729A+CB537A+NE1467A+CG2371A+CD1372A+O513A+O522A+CE2147A+CB508A+CB757A+CD1981A+SG509A+CE2275A+CB762A+OH149A+NE2828A+CB951A+NH1482A+SD243A+NE345A+CG478A+CE244A+CD2182A+CD1181A+CA527A+CZ3471A+ND2206A+CH2472A+NH2348A+CG2968A+OE1810A+O178A+N526A+CG1531A+NH2565A+CA520A+CG1967A+NH1564A+CZ2470A+OE2386A+N365A+CZ731A+N510A+OE1385A+CB369A+CG1370A+CB530A+CG515A+CG538A+CD2982A+OG744A+CG2764A+N533A,+ALA95A+CYS63A+GLU48A+GLU64A+ILE46A+LEU124A+PRO65A+PRO67A+THR96A+TRP59A
/net/scratch/basantab/20190527_deNovoNTF2DockingBenchmark.bk/natives_w_pockets/cleaned_native_PDBs/d2r4ia1_0001.pdb,d2r4ia1,115,570.922978933,836.000298977,4.55664123104,10.4481681149,19.6912607855,15.1346195545,5.89152688382,1,207.000074029,15.314,93.012654799,0.162916292094,262.832847462,0.460364807794,215.077476673,0.376718900112,-2.39956594657,9.71904808004,19.480635437,13.635931882,12.4180275708,n/a,+100A+101A+102A+117A+118A+120A+121A+14A+18A+30A+36A+37A+38A+39A+40A+44A+48A+49A+52A+53A+60A+85A+89A+90A+92A+94A+96A+98A,+ALA120A+ALA52A+ARG102A+ASN96A+ASP49A+CYS118A+HIS92A+ILE121A+ILE18A+ILE37A+ILE38A+ILE85A+LEU101A+LEU14A+LEU30A+LEU60A+LEU94A+MET90A+PHE36A+PHE98A+PRO39A+SER117A+SER40A+THR48A+TYR100A+TYR53A+TYR89A+VAL44A,+CB953A+CD1307A+N949A+CB717A+CG2306A+N930A+ND2753A+CZ771A+CE1721A+CE1692A+OH695A+CE2770A+O376A+CB312A+CZ291A+CD1462A+CG2142A+CG2660A+CE2693A+CD1661A+OH417A+CD2737A+CD1736A+CB688A+CD2691A+CG1659A+OH794A+CE703A+CA402A+CB405A+CD1143A+CG1141A+N954A+OD1752A+ND1719A+O687A+CD1690A+N315A+CE1769A+CZ793A+OD2387A+CD2115A+CD1114A+CA381A+CG751A+CG718A+CG701A+CZ694A+CE2792A+OD1386A+NH1812A+CD2238A+CB750A+CD2768A+CD809A+O957A+SG941A+CE2290A+CG2347A+CG1346A+CG313A+CB940A+CD2790A+CG2379A+CG808A+CD2288A+CE1289A+CG689A+CD314A+CB304A+CG286A+N936A+C932A+CB285A+CD1287A+O798A+O295A+CA931A+OG320A+CB319A+N292A,+ALA120A+ALA52A+ASN96A+HIS92A+ILE121A+ILE38A+LEU94A+MET90A+PRO39A+SER40A+THR48A+VAL44A
/net/scratch/basantab/20190527_deNovoNTF2DockingBenchmark.bk/natives_w_pockets/cleaned_native_PDBs/d2rcda1_0001.pdb,d2rcda1,102,320.857316014,334.000119448,5.87497887166,10.3776777084,19.7811795121,13.9062006405,4.50269883669,1,125.000044703,13.315,86.6230624087,0.269973779887,97.9225329611,0.305190276405,136.311720644,0.424835943708,-5.35934394066,11.0381481817,17.0678918722,11.8138416369,10.4998521689,n/a,+101A+103A+105A+107A+121A+123A+125A+22A+26A+38A+46A+49A+51A+62A+63A+66A+67A+69A+70A+71A+73A+94A+95A+96A+99A,+ALA121A+ALA49A+ALA69A+ARG46A+ARG63A+ARG66A+ARG73A+ARG96A+GLN105A+GLN107A+GLU51A+GLY103A+GLY70A+LEU125A+LEU26A+LEU71A+LYS101A+PHE38A+PHE62A+PHE94A+PRO67A+SER99A+THR95A+TYR22A+VAL123A,+CB774A+CB390A+CB752A+CD754A+OG775A+CE1738A+CD2986A+CD1985A+O553A+NH1757A+CG753A+CG984A+O786A+O535A+O548A+C552A+NE755A+N748A+CA742A+O733A+N800A+CD2561A+NE528A+CZ756A+C743A+CD1736A+CG526A+NH2531A+NH2758A+OE2403A+CZ740A+CZ496A+CZ529A+N386A+CG1971A+NH2369A+CG2972A+NH1579A+NH1530A+CD2204A+CD1203A+OE1822A+NH1506A+NE366A+OH173A+CB955A+CG820A+CZ294A+NE2840A,+ALA49A+ALA69A+ARG66A+ARG96A+GLU51A+GLY70A+LEU125A+PHE62A+PRO67A+SER99A
/net/scratch/basantab/20190527_deNovoNTF2DockingBenchmark.bk/natives_w_pockets/cleaned_native_PDBs/d2rfra1_0001.pdb,d2rfra1,95,433.306839275,643.0,5.87497683323,10.3906568689,18.2638818903,12.3889050571,4.51568003567,1,143.0,13.628,77.1557668723,0.17806265648,156.313824458,0.360746266364,199.837247944,0.461191077155,-2.79400700791,10.1337270924,15.9507459344,12.316100035,13.5340953876,n/a,+102A+104A+106A+115A+116A+118A+136A+138A+27A+49A+51A+54A+55A+57A+65A+66A+67A+69A+71A+72A+74A+75A+78A+82A+84A,+ALA55A+ALA57A+ALA65A+ALA74A+ARG106A+ARG116A+ARG136A+ASN138A+ASP78A+GLY69A+HIS115A+HIS72A+HIS82A+ILE67A+LEU66A+LEU75A+LEU84A+PHE54A+SER102A+SER118A+THR71A+TYR27A+TYR49A+VAL104A+VAL51A,+CB419A+CB442A+CE2424A+CD2616A+OH228A+CB569A+CA520A+N532A+O383A+CD2502A+O535A+ND21057A+CG2538A+CD863A+CB536A+O429A+CG2403A+N438A+CA439A+CG1402A+CD1421A+CB401A+CG420A+CD2422A+CD1501A+OD11056A+CB613A+CE1423A+CZ425A+NE2618A+OH391A+CG1055A+NE864A+NH2867A+CZ865A+NE792A+CZ390A+CE2389A+CD2387A+CD1510A+N565A+CB564A+OG880A+CG2773A+NH1866A+OG759A+CB861A+CB499A+CA496A+NH21040A+NE2856A+O493A+CB758A+CE2226A+CD2854A+C497A+O498A+CD1636A+N539A+C521A+CG1772A+CD2572A+CA540A+ND1545A+CB543A+O522A+CE1855A+CD1571A+CE1547A+CA566A+OD2593A+C562A+O563A,+ALA55A+ALA57A+ALA65A+ALA74A+ARG106A+ARG116A+ASP78A+GLY69A+HIS115A+LEU66A+LEU75A+PHE54A+THR71A
/net/scratch/basantab/20190527_deNovoNTF2DockingBenchmark.bk/natives_w_pockets/cleaned_native_PDBs/d2rgqa1_0001.pdb,d2rgqa1,99,170.172735083,204.000072956,5.51015430806,7.10894229246,9.6569182554,4.14676394734,1.5987879844,1,127.000045419,15.629,73.7427480992,0.433340558717,33.8629915511,0.198991874548,62.5669954326,0.367667566735,-3.54433996862,8.99103829169,15.900968949,8.31734242448,8.54082336312,n/a,+12A+13A+16A+19A+20A+23A+69A+70A+71A+72A+73A+75A+9A,+ALA16A+ALA75A+ARG69A+ASP23A+CYS71A+GLU13A+GLU19A+HIS70A+LEU9A+MET12A+MET20A+SER72A+SER73A,+CG158A+OD2182A+O552A+CB148A+CA118A+CB121A+N117A+O90A+CB91A+CG100A+O65A+CB569A+OG570A+CG92A+SD93A+SG564A+O568A+N565A+N549A+CB542A+CB589A+CA560A+CB563A+CA572A+CA96A+N95A+CA63A+N585A+CE160A+O120A+CE94A+CA154A+N153A,+ALA16A+ALA75A+ARG69A+ASP23A+CYS71A+GLU13A+LEU9A+MET12A+MET20A+SER72A+SER73A
/net/scratch/basantab/20190527_deNovoNTF2DockingBenchmark.bk/natives_w_pockets/cleaned_native_PDBs/d2ux0a1_0001.pdb,d2ux0a1,105,656.537957947,1492.99946606,6.51065238449,11.8097668153,20.6814956853,14.1708433008,5.29911443084,1,305.999890566,16.629,145.658737577,0.221858821435,219.949758703,0.335014535018,290.929461667,0.443126643547,-1.37392666518,9.69186291497,21.7384827527,16.0268470474,15.5545199857,n/a,+407A+410A+411A+418A+430A+431A+432A+444A+446A+447A+448A+451A+452A+455A+457A+458A+459A+461A+482A+484A+486A+487A+488A+489A+494A+496A+497A+498A+500A+502A+516A+518A+520A+521A,+ALA521A+ARG482A+ARG494A+ARG502A+ASN411A+ASN455A+ASP488A+CYS518A+GLN497A+GLU430A+GLU432A+GLU500A+GLY489A+GLY520A+HIS444A+ILE407A+ILE410A+ILE459A+ILE487A+LEU451A+LEU452A+LYS457A+PHE446A+PHE448A+PRO431A+PRO458A+SER496A+SER498A+THR461A+THR484A+TYR418A+TYR447A+TYR486A+TYR516A,+CD2457A+OE1352A+CD1588A+CG1586A+CB795A+ND2558A+OD1557A+CG796A+CG556A+CD1797A+CE2800A+CE1799A+CZ801A+OH802A+CD1526A+CB891A+CB569A+O577A+O806A+CG570A+CA812A+CD367A+CE572A+CG859A+CB815A+CE2489A+CB555A+OE1368A+CD2476A+N819A+OD1817A+CG816A+OG892A+O881A+CD1198A+CG2197A+NH1765A+CD2527A+CD1486A+O1087A+CD2487A+OG1604A+OH263A+NE763A+CB195A+CD2535A+N361A+CG2587A+CE21059A+CE1458A+NE2459A+NH2928A+ND1456A+CG455A+OE2353A+OH1061A+CG1196A+CE1260A+CE1500A+CD351A+CB349A+CG359A+OE2910A+SG1077A+CB1076A+CB454A+CD360A+CG350A+CG1174A+CD1534A+CD1498A+CB484A+CE1488A+CB365A+CG2175A+CG485A+CB358A+CZ490A+CG366A+OD1205A+CD762A+CZ764A+NH2766A+OG877A+C1086A+CG533A+CB1093A+CA529A+OE2369A+OG1780A+C880A+CB524A+CG2781A+CB876A+N878A+CB779A+CG525A+CD2798A+O523A,+ALA521A+ARG494A+ASN455A+ASP488A+GLN497A+GLU432A+GLY489A+GLY520A+ILE487A+LEU451A+LYS457A+PHE446A+PRO431A+SER496A+TYR447A+TYR486A
/net/scratch/basantab/20190527_deNovoNTF2DockingBenchmark.bk/natives_w_pockets/cleaned_native_PDBs/d2w2ca__0001.pdb,d2w2ca,92,630.864332538,1372.0,5.5106545252,9.50283547606,17.8243643691,12.3137098439,3.99218095086,2,305.0,16.629,164.473097615,0.260710725161,230.341449857,0.365120419679,236.049785067,0.37416885516,-1.65784077101,9.50791077368,19.6248681153,17.2601877329,18.5181563287,n/a,+361A+362A+364A+369A+381A+382A+383A+395A+397A+398A+399A+401A+402A+408A+409A+410A+433A+435A+437A+438A+439A+440A+447A+449A+453A+467A+469A+471A,+ALA402A+ARG433A+ARG453A+ARG469A+ASN362A+ASN401A+ASP439A+GLU381A+GLU383A+GLY364A+GLY440A+GLY471A+HIS395A+ILE361A+ILE410A+LYS408A+MET438A+MET447A+PHE397A+PHE399A+PHE467A+PRO382A+PRO409A+SER449A+THR435A+TYR369A+TYR398A+TYR437A,+CB514A+O513A+CD1476A+NE1023A+CE1478A+O473A+CB474A+O485A+CA483A+O756A+CD521A+CB519A+NH11025A+N510A+O505A+CA471A+CD1187A+CB346A+CD1747A+CB506A+O462A+CD2466A+CD1538A+OE2357A+CE2491A+CZ492A+ND1444A+NZ523A+CB818A+CE821A+CG2731A+CG2186A+N769A+OE1340A+CE1749A+CG354A+O518A+O191A+O183A+CD2489A+OH752A+SD820A+CD2748A+CG1536A+CG711A+O709A+OG836A+CD712A+CB835A+OH252A+OG1730A+CA1034A+CA205A+NE713A+CD1022A+CZ714A+CG475A+NH2716A+CG347A+NH1715A+NH2872A+CZ1005A+OD1194A+CZ1024A+NH21026A+CG1185A+CE1249A+CZ251A+CE2750A+CG746A+CB745A+CD355A+CZ751A+CA189A+N349A+CB442A+CA350A+CD2477A+CA439A+O527A+CE2479A+CZ480A+CD1488A+CG487A+O441A+CA762A+N204A+N482A+OH481A+C472A+C763A,+ALA402A+ASN401A+ASP439A+GLU383A+GLY440A+GLY471A+LYS408A+MET438A+MET447A+PHE397A+PRO382A+SER449A+TYR398A+TYR437A
/net/scratch/basantab/20190527_deNovoNTF2DockingBenchmark.bk/natives_w_pockets/cleaned_native_PDBs/d3b7ca1_0001.pdb,d3b7ca1,85,661.760493169,1341.0,5.5106529556,9.79375637967,18.6803672142,13.1697142586,4.28310342407,1,412.0,25.315,183.114437298,0.276708022295,255.111361898,0.385504067607,223.534693974,0.337787910099,-2.31131970007,10.1694537368,23.5998688446,17.9806426042,13.4901336675,n/a,+101A+117A+119A+120A+121A+17A+25A+29A+37A+38A+39A+40A+42A+44A+49A+50A+53A+54A+56A+57A+58A+62A+63A+65A+67A+69A+88A+90A+91A+92A+93A+94A+95A+97A,+ALA53A+ARG44A+ARG92A+ASN40A+ASN57A+ASP117A+ASP121A+ASP95A+GLU49A+GLU62A+GLY65A+ILE38A+LEU37A+LEU67A+LEU90A+LEU93A+LYS42A+LYS56A+LYS91A+LYS94A+PHE101A+PHE69A+PRO97A+SER119A+SER120A+SER39A+SER63A+THR50A+TRP17A+TRP88A+TYR25A+TYR29A+TYR54A+TYR58A,+N767A+CD459A+O465A+OD1468A+CA463A+ND2469A+CB763A+OG520A+CB466A+OG320A+CA428A+CB337A+O509A+N759A+OD1782A+CB752A+CG796A+CB519A+CA516A+O518A+CD1476A+OH443A+CE1478A+CZ480A+CG467A+NH1362A+CB431A+CG358A+CD359A+CD754A+CB319A+CG753A+NH1757A+OH481A+OD2992A+CE2479A+N321A+NE360A+CZ361A+OD1327A+O430A+CB795A+C429A+NH2363A+O401A+CA749A+CH2722A+CD1737A+NH2758A+O975A+CD1438A+CA433A+N432A+CB357A+CB402A+C400A+O742A+CA530A+N529A+CZ3721A+CZ2720A+CA979A+CE1440A+CA316A+CG437A+N315A+CA408A+N407A+CZ2134A+CH2136A+N978A+CZ442A+O310A+CE2441A+C309A+N307A+C301A+CB303A+CE2718A+NE1717A+C974A+CB976A+CD2306A+CE3719A+CD2716A+N972A+O957A+CG736A+CD2738A+CZ3135A+OG977A+OD1960A+CG304A+CD1548A+CG714A+CB713A+CD2549A+CD1715A+CE3133A+OH200A+OH233A+CG959A+OD2961A+CE1567A+CZ569A+CB820A+CG821A+C750A,+ALA53A+ARG44A+ARG92A+ASN40A+ASN57A+ASP121A+ASP95A+GLU49A+GLU62A+GLY65A+LEU93A+LYS42A+LYS56A+LYS91A+LYS94A+PRO97A+SER39A+SER63A+TRP88A
/net/scratch/basantab/20190527_deNovoNTF2DockingBenchmark.bk/natives_w_pockets/cleaned_native_PDBs/d3bb9a1_0001.pdb,d3bb9a1,105,737.545552246,1148.0,5.19231589505,8.88897968442,15.9029603492,10.7106444542,3.69666378937,2,294.0,17.0,209.180552149,0.283617129155,258.917016509,0.351052237683,269.447983588,0.365330633162,-2.25789335987,9.25087373792,19.1296716373,26.8172764141,15.6994980473,n/a,+108A+110A+112A+116A+121A+123A+125A+126A+127A+146A+147A+27A+35A+36A+39A+40A+42A+43A+62A+63A+65A+67A+76A+77A+80A+81A+84A+85A+88A+90A+92A+95A,+ALA112A+ALA40A+ALA80A+ASP81A+GLN43A+GLU127A+GLU62A+GLU67A+GLY63A+HIS39A+HIS76A+HIS77A+HIS95A+ILE121A+ILE90A+LEU42A+LEU85A+LEU88A+LYS36A+LYS65A+MET126A+PRO92A+SER108A+SER110A+SER123A+SER147A+THR125A+TRP146A+TYR116A+TYR84A+VAL27A+VAL35A,+CG498A+CD2449A+CE2679A+O99A+CB118A+CB731A+O117A+O445A+CA97A+CG265A+CB100A+OE1121A+O466A+CG62A+O60A+CG1483A+CB482A+O481A+CB497A+O903A+CB408A+CG119A+N96A+NE2122A+CD63A+CB90A+N378A+CG383A+CA58A+CB61A+CG2484A+CG15A+N269A+ND192A+ND1524A+CG26A+CD1704A+OD1415A+CE1526A+N57A+OG632A+CB522A+CD1906A+CG1702A+CG2733A+O89A+CD1448A+CA87A+CG91A+CD1485A+CG155A+CE194A+CB110A+CD293A+CE2439A+CD1469A+CB647A+OG1732A+CB617A+CD1112A+CG447A+O673A+NE295A+CG2703A+OG618A+OE2268A+OH681A+O407A+CB434A+CD1436A+CB413A+O412A+CD2437A+CD2677A+CE1438A+OH441A+OE2750A+OE1749A+OG718A+N627A+CZ680A+CA410A+CG435A+CZ2911A+CZ440A+CD748A+CB746A+O730A+N742A+C406A+N409A+CH2913A+OD2416A+CG414A+NE1908A+CE2909A+O737A+N734A+C736A+ND1384A+CZ3912A+CD2907A+CG905A+O917A+CE3910A+OE1267A+CB904A+CD2385A+NE2387A+N914A+C916A+CD2375A+CA379A+CD266A+C902A+CA915A+CG373A+CB382A+OE2301A+CE1386A+O263A+CD299A+CG298A+CB281A+CA270A+CG282A,+ALA80A+GLU62A+GLU67A+GLY63A+HIS76A+HIS77A+ILE121A+LYS65A+SER123A+SER147A+THR125A+TRP146A+TYR116A+TYR84A
/net/scratch/basantab/20190527_deNovoNTF2DockingBenchmark.bk/natives_w_pockets/cleaned_native_PDBs/d3blza1_0001.pdb,d3blza1,100,600.143661968,717.0,6.51065260607,9.73165274856,17.7905099708,11.2798573647,3.22100014248,2,230.0,18.315,116.129222748,0.193502373027,203.160649698,0.338520028741,280.853789522,0.467977598232,-4.472742211,10.0302269756,22.8706018228,21.6884395195,21.1725710629,n/a,+100A+101A+102A+103A+10A+119A+120A+121A+122A+123A+124A+126A+14A+18A+20A+21A+22A+24A+25A+32A+42A+43A+44A+45A+46A+47A+52A+53A+58A+59A+62A+63A+66A+67A+73A+74A+75A+77A+93A+96A+99A,+ALA73A+ALA75A+ARG100A+ASN21A+ASP103A+ASP46A+GLU22A+GLY24A+GLY44A+GLY53A+GLY58A+HIS122A+HIS124A+ILE120A+ILE42A+ILE63A+ILE77A+ILE96A+LEU59A+LYS119A+LYS25A+LYS74A+MET32A+PHE101A+PHE43A+PHE67A+PHE99A+SER126A+SER18A+THR102A+THR123A+THR52A+THR93A+TYR10A+TYR121A+TYR20A+VAL14A+VAL45A+VAL47A+VAL62A+VAL66A,+CD1708A+CG1569A+CD1431A+OG1936A+CA126A+CE1727A+N554A+CG1457A+O543A+CG2937A+OG1387A+OD1158A+N955A+CG2310A+O424A+OH70A+CG2100A+CG199A+CB544A+CD1571A+CA910A+OD2766A+CB568A+OH151A+O97A+CB129A+N564A+CB734A+O557A+ND2159A+O315A+CB156A+N931A+O128A+N327A+CA161A+CB558A+N160A+C154A+CZ729A+O155A+CA546A+C547A+CD183A+OG1683A+CB181A+CA153A+C542A+CG2684A+CE2149A+O143A+O941A+O755A+N177A+CG1906A+N909A+CZ150A+CB682A+N921A+C911A+CB905A+CA174A+CE1148A+CE236A+C336A+CG2707A+CD2748A+O912A+OD1765A+NZ900A+CD1466A+CA922A+CA324A+CE2750A+CE2499A+CZ751A+CE1749A+CG914A+CD1915A+CD1311A+CZ500A+CD2916A+CZ919A+CE1917A+CG1309A+N342A+CE2918A+CA426A+CA390A+N425A+N730A+O330A+CB331A+OH920A+CB456A+O385A+CG2458A+C423A+C721A+CA720A+O934A+CB935A+CE1498A+CG2388A+C384A+CD1725A+CE2728A+CA335A+C329A+N334A+O337A+CG1488A+CB338A,+ARG100A+ASP46A+GLY44A+GLY53A+GLY58A+HIS122A+HIS124A+ILE120A+ILE42A+PHE43A+PHE67A+PHE99A+SER126A+THR102A+THR123A+THR52A+TYR121A+VAL45A+VAL47A+VAL62A+VAL66A
/net/scratch/basantab/20190527_deNovoNTF2DockingBenchmark.bk/natives_w_pockets/cleaned_native_PDBs/d3cnxa1_0001.pdb,d3cnxa1,18,239.04907059,333.0,6.31400060847,10.4371743256,17.0465510481,10.7325504396,4.12317371716,1,84.0,10.629,30.8316388165,0.128976191961,76.5951822323,0.320416147376,131.622249541,0.550607660663,-4.247676512,8.33674163241,12.7187116078,10.3255212058,8.5572782669,n/a,+109A+111A+113A+114A+130A+150A+152A+20A+21A+24A+61A+62A+64A+77A+80A+84A+87A+89A,+ALA152A+GLN130A+GLU109A+GLY114A+HIS150A+HIS61A+ILE111A+ILE80A+ILE87A+MET24A+PHE20A+PHE89A+PRO62A+SER113A+THR84A+TRP64A+TYR21A+TYR77A,+O780A+CZ600A+OG776A+OE1822A+CB775A+CG2551A+OG1550A+CG2761A+CD1580A+OE1745A+CD1762A+CG2522A+NE2823A+CE2599A+CG383A+CE150A+CD384A+CA517A+CB382A+CG148A+CD1523A+CG1521A+CE1125A+CD1123A+OE2746A+SD149A+NE2992A+CB1007A+CB372A+CE2115A+CZ116A+CE1991A+CE1499A+ND1374A+CG373A+CZ2400A+OH502A+CE1376A+CE2398A+O519A,+GLN130A+GLY114A+HIS61A+ILE80A+PRO62A+SER113A+THR84A+TRP64A
/net/scratch/basantab/20190527_deNovoNTF2DockingBenchmark.bk/natives_w_pockets/cleaned_native_PDBs/d3cu3a1_0001.pdb,d3cu3a1,47,747.750440832,1515.99945784,10.1908330456,13.4029004345,23.5876217801,13.3967887345,3.21206738896,2,647.999768257,26.629,157.219656217,0.210256855272,241.964485468,0.323589893439,348.566299147,0.466153251289,-2.44402137768,9.953832146,27.3347243966,23.4674314998,13.558734325,n/a,+100A+102A+103A+109A+110A+111A+112A+114A+115A+116A+117A+118A+132A+133A+134A+135A+136A+137A+138A+139A+142A+145A+146A+149A+161A+164A+168A+24A+28A+36A+46A+48A+49A+50A+63A+64A+67A+71A+72A+75A+77A+95A+98A,+ALA110A+ALA67A+ARG112A+ARG136A+ARG142A+ASN134A+GLU50A+HIS64A+ILE98A+LEU102A+LEU115A+LEU117A+LEU132A+LEU133A+LEU138A+LEU146A+LEU77A+LEU95A+LYS137A+LYS168A+MET24A+PHE145A+PHE149A+PHE36A+PHE46A+PHE49A+PHE63A+PRO103A+PRO116A+SER109A+SER111A+SER114A+THR135A+THR139A+THR161A+THR48A+THR75A+TRP28A+TYR118A+VAL100A+VAL164A+VAL71A+VAL72A,+CD1965A+OG824A+O1004A+CB829A+NH21000A+CD2832A+CB460A+CH2161A+O797A+CG1499A+O993A+CG21208A+CE1316A+CE11116A+CB305A+CA1011A+CD1682A+CZ318A+N1018A+CB798A+CE21082A+NH11051A+O970A+CD11114A+CE1425A+CD1048A+CD746A+OG788A+CB123A+CG2307A+OE1326A+N1010A+NE807A+CD1738A+CD2539A+CD1538A+CG2723A+CG2500A+O490A+CD2435A+NE2437A+CE1290A+CD1314A+CE2317A+CB1005A+OD1981A+N794A+CG11230A+NH2810A+CZ3160A+NH1809A+CB1229A+CZ292A+CA302A+CB312A+CD2315A+O311A+CG2520A+CZ808A+ND2982A+CG1113A+CZ1118A+CE21117A+CB994A+N990A+CZ2159A+CZ218A+NH1999A+CG21231A+CA1203A+CD21115A+CE1258A+CD2739A+CD11090A+CG1256A+CD806A+NE997A+CG995A+CD21091A+CG737A+CE3158A+CE1216A+CE126A+CD2966A+OG799A+CB979A+CG980A+O792A+CD21017A+O828A+CA1002A+CB837A+OH859A+O122A+CA795A+CG838A+CD11016A+CG2704A+CG1703A+OG1988A+CD21080A+CG1015A+CB787A+CD1705A+N840A+NE1049A+CZ1050A+O986A,+ALA67A+ARG112A+ARG136A+ARG142A+GLU50A+LEU102A+LEU115A+LEU117A+LEU133A+LEU138A+LEU146A+LEU95A+LYS137A+LYS168A+PHE145A+PHE149A+PHE49A+PHE63A+PRO103A+SER109A+SER111A+THR135A+THR161A+THR48A+THR75A+VAL164A+VAL71A+VAL72A
/net/scratch/basantab/20190527_deNovoNTF2DockingBenchmark.bk/natives_w_pockets/cleaned_native_PDBs/d3d9ra1_0001.pdb,d3d9ra1,114,436.54135129,556.000198841,5.97135437861,10.5318046694,16.6146491853,10.6432948067,4.56045029077,2,127.000045419,11.314,96.1147338886,0.220173263322,159.795529004,0.366049008946,180.631088398,0.413777727732,-4.48612216634,9.10704157705,18.9649247681,14.1718777358,10.6391328128,n/a,+102A+104A+108A+110A+127A+129A+131A+19A+20A+23A+24A+41A+42A+43A+44A+46A+58A+59A+61A+62A+65A+66A+68A+70A+71A+72A+91A+95A+96A+97A,+ALA71A+ARG46A+ASN24A+ASN97A+GLU110A+GLU95A+GLY43A+LEU20A+LEU41A+LYS131A+MET42A+MET70A+PHE23A+PHE68A+PRO44A+SER61A+THR104A+THR129A+THR65A+THR91A+THR96A+TYR108A+TYR127A+TYR19A+TYR59A+TYR72A+VAL102A+VAL58A+VAL62A+VAL66A,+CA439A+NH2328A+CB717A+OE2705A+CA714A+CG2478A+N713A+O749A+CB469A+CG2471A+C708A+CG1477A+O700A+C699A+OG1765A+O441A+CG702A+CG1443A+CG2444A+CZ493A+NE325A+OH795A+NZ982A+CD324A+O310A+CE1159A+CE1420A+CZ161A+CG1410A+CG507A+CB311A+CD980A+CD1790A+CD2294A+CE2160A+CB322A+CE1491A+CZ794A+CE2793A+CD313A+CG312A+CG167A+CB166A+OD1168A+CD2158A+OH130A+CG292A+N303A+CA304A+C305A+CE1792A+O134A+OH423A+O505A+CG156A+CD1293A+CB506A+OG1675A+CG2967A+CD2791A+OG1966A+CG789A+CD2522A+CB155A+CE2128A+CE2952A+O513A+CG2676A+O298A+CB788A+CB135A+CA132A+CD2138A+OH954A+C512A+CB519A+OE2813A+CG810A+CD811A+O435A,+ARG46A+ASN97A+GLU95A+LYS131A+PRO44A+SER61A+THR104A+THR65A+VAL102A+VAL66A
/net/scratch/basantab/20190527_deNovoNTF2DockingBenchmark.bk/natives_w_pockets/cleaned_native_PDBs/d3dm8a1_0001.pdb,d3dm8a1,104,549.144630189,648.0,4.8744780552,14.8881549115,28.2638826461,23.3894045909,10.0136768563,1,124.0,15.628,81.7851613844,0.148931914997,185.588403792,0.337959061401,281.771065012,0.513109023602,-4.77172096423,9.14399731395,27.5265437383,16.2604240374,10.0030664281,n/a,+101A+103A+105A+107A+10A+119A+121A+123A+128A+132A+133A+134A+13A+17A+35A+37A+43A+44A+46A+47A+60A+62A+63A+66A+67A+69A+74A+88A+90A+92A+94A+95A+97A+99A+9A,+ALA132A+ALA94A+ALA95A+ARG74A+ARG99A+CYS60A+GLN62A+GLY134A+ILE101A+ILE37A+ILE63A+ILE69A+LEU107A+LEU119A+LEU123A+LEU128A+LEU133A+LEU13A+LEU17A+LEU92A+MET105A+MET121A+MET43A+PHE44A+PHE46A+PHE47A+PHE9A+SER10A+SER66A+THR97A+TRP35A+TYR90A+VAL103A+VAL67A+VAL88A,+CG790A+O1061A+CD791A+NE792A+CA1072A+O1066A+O502A+CD1810A+CZ387A+CB821A+CE358A+CD1383A+SD974A+O532A+CG2514A+CE282A+CB88A+NH2616A+CA530A+OG89A+NH1615A+CD280A+CD2855A+CA85A+CG2711A+CD2113A+CG1710A+SD841A+OH734A+CE2732A+CZ83A+CD1955A+CH2298A+CE975A+CE842A+CD2956A+CD1112A+SG487A+CZ2296A+CD1146A+CE1731A+CD1311A+CD1515A+CD1729A+CD1560A+CD21032A+CG2310A+CG2541A+CD2748A+CG1822A+CE1396A+CD2990A+CG1513A+CG2823A+CZ398A+CD1989A+OG1775A+CA1059A+CE2386A+CG1540A+CD1747A+CD11031A+CA500A+CB503A+CD2366A+CE2368A+OG534A+CB533A+CE1385A+CA757A+CB760A+O764A+N761A+CB1062A+O354A+CB789A+CG356A,+ALA132A+ALA94A+ALA95A+ARG99A+GLN62A+GLY134A+LEU133A+MET43A+PHE46A+SER66A+THR97A
/net/scratch/basantab/20190527_deNovoNTF2DockingBenchmark.bk/natives_w_pockets/cleaned_native_PDBs/d3dmca1_0001.pdb,d3dmca1,30,439.464660016,728.0,4.46076566694,9.33480631509,18.568678733,14.1079130661,4.87404064814,1,211.0,16.314,65.3785290242,0.148768569973,243.676171923,0.554484112361,130.409959069,0.296747317666,-3.70915010003,9.08380332387,18.9710369011,13.488327173,11.8694882889,n/a,+102A+103A+104A+106A+108A+122A+124A+126A+128A+129A+130A+131A+20A+24A+44A+46A+48A+62A+63A+65A+66A+69A+70A+74A+93A+95A+99A,+ASN106A+ASP129A+ASP95A+GLU124A+GLU48A+GLY130A+ILE74A+LEU24A+LYS102A+LYS131A+MET46A+PHE126A+PHE20A+PHE44A+PHE62A+PHE63A+PHE70A+PHE93A+PHE99A+PRO103A+SER128A+SER69A+TYR104A+TYR122A+TYR65A+VAL108A+VAL66A,+CB834A+CZ817A+CD2814A+CG1071A+O842A+O833A+CB811A+CE2816A+CE1815A+O384A+O1057A+CG812A+OG574A+CE2544A+O1065A+C1064A+CB850A+CD1852A+CD1813A+CE21042A+OH546A+CZ545A+CE1543A+CA1063A+CA847A+CZ585A+SD387A+CE388A+CG386A+CB573A+O538A+N393A+C1056A+CE1854A+CE1583A+CD1581A+O550A+N1062A+ND2874A+CD21040A+CZ1043A+CE2372A+CD2542A+O1051A+OH857A+CZ856A+CZ373A+CA548A+CG2553A+CB1037A+CE2855A+CG1552A+CE11041A+CD1614A+CE1371A+OE21020A+OD2785A+OE11019A+CD2195A+CZ516A+CG2892A+CE2515A+CD1523A+CZ766A+CG1891A+CD1194A+OH1000A+CE1165A+CE1525A+CZ167A,+ASN106A+ASP129A+GLU48A+LYS102A+LYS131A+MET46A+PHE126A+PHE99A+PRO103A+SER128A+SER69A+TYR65A
/net/scratch/basantab/20190527_deNovoNTF2DockingBenchmark.bk/natives_w_pockets/cleaned_native_PDBs/d3duka__0001.pdb,d3duka,96,195.772468345,180.0,5.51015334128,9.31252820533,15.3661632521,9.85600991082,3.80237486405,1,85.0,10.0,22.1189005362,0.11298269222,116.95057548,0.597380093681,56.7029923287,0.289637214099,-5.49909401182,9.89885474168,12.85759024,9.85672187667,7.20117217307,n/a,+100A+118A+120A+122A+42A+46A+51A+52A+58A+59A+62A+95A+98A,+ALA51A+ASP58A+ILE42A+LEU122A+LEU59A+LYS118A+PHE100A+PHE120A+PHE52A+PHE98A+TRP62A+TRP95A+VAL46A,+O430A+CG432A+O378A+CB379A+CD1469A+CB431A+NE1471A+CE2389A+CZ390A+CE1388A+CG2345A+CG1344A+CB467A+N463A+CE1773A+CZ755A+CE2472A+CD1311A+CZ941A+CE2940A+CE1939A+CZ2474A+CE3473A+CD1441A+NZ923A+CD2959A+CD2938A+CZ3475A+CH2476A+CE1753A+CZ775A+CG936A+CD1937A+CE2754A+CG750A+CD1771A+CD2752A+CZ2727A+CH2729A+CE2774A+CE3726A+CZ3728A+CG770A,+ALA51A+ASP58A+LEU122A+PHE98A+TRP62A+VAL46A
/net/scratch/basantab/20190527_deNovoNTF2DockingBenchmark.bk/natives_w_pockets/cleaned_native_PDBs/d3dxoa1_0001.pdb,d3dxoa1,107,283.086159257,289.0,4.87447784842,9.28952658482,16.5566406032,11.6821627548,4.41504873639,1,76.0,11.628,58.5332451528,0.206768304415,140.915582521,0.497783370584,83.6373315836,0.295448325002,-5.2123350944,10.8840902208,13.4750882908,12.9625618192,8.58607675673,n/a,+113A+114A+115A+11A+15A+37A+39A+41A+42A+53A+57A+60A+61A+66A+83A+85A+94A+95A+98A,+ALA57A+ALA94A+ASP39A+ASP98A+GLY113A+GLY95A+LEU115A+LEU41A+LEU85A+LYS60A+MET42A+MET53A+PHE114A+PHE61A+PHE66A+TRP15A+TRP83A+TYR11A+TYR37A,+CB750A+CD1343A+CG424A+CD2689A+CG488A+CZ493A+CD1688A+CD1489A+CE1491A+CZ538A+O754A+CD2901A+CH2670A+CZ3669A+CE2537A+O452A+CB453A+CD480A+CD2535A+CZ3120A+CA450A+CD2115A+CZ2668A+CE2666A+CE352A+NE1665A+CE186A+OD2329A+CD1114A+CG113A+CE3118A+CH2121A+CB341A+SD351A+N449A+OD2773A+OH89A+OH314A+CE2117A+CZ2119A+CG350A+O422A+O886A+OD1772A+CB326A+N883A+CA880A,+ALA57A+ALA94A+LEU115A+LEU41A+LEU85A+LYS60A+MET42A+MET53A+PHE61A
/net/scratch/basantab/20190527_deNovoNTF2DockingBenchmark.bk/natives_w_pockets/cleaned_native_PDBs/d3ebta1_0001.pdb,d3ebta1,60,625.386834476,923.000330091,3.46026624227,11.278652562,20.0300452556,16.5697790133,7.81838631971,2,105.000037551,11.628,88.3450158538,0.141264591743,238.805164471,0.381851921572,298.236654151,0.476883486684,-3.4708658564,9.25257673313,15.0148276149,17.1003191064,15.8468549044,n/a,+104A+106A+116A+118A+11A+120A+125A+12A+14A+15A+16A+18A+19A+20A+23A+33A+35A+39A+44A+57A+58A+59A+61A+62A+65A+66A+67A+68A+69A+70A+88A,+ALA14A+ALA66A+ARG18A+ARG59A+ARG69A+ARG88A+ASP118A+ASP19A+GLU67A+HIS104A+HIS16A+HIS35A+ILE58A+ILE65A+LEU20A+LEU44A+LEU70A+MET125A+MET39A+MET68A+PHE116A+PHE120A+PHE15A+PHE57A+PRO62A+SER11A+TRP106A+TRP33A+TYR12A+VAL23A+VAL61A,+NE1262A+CZ153A+C147A+O148A+CD193A+CG458A+CH2836A+OG86A+O508A+CE995A+O116A+N527A+CB531A+O516A+NE152A+CD2282A+CE311A+CD1512A+CD1347A+CA146A+CB485A+CB345A+CE1442A+CD1440A+CD1452A+CG309A+CA482A+N481A+CG486A+CG2451A+O456A+CG2511A+N518A+C515A+CZ958A+CG1479A+O344A+CG2480A+CD487A+CZ444A+CA454A+CA519A+CE534A+NH2155A+CB478A+O448A+NH1691A+CG523A+NH2692A+CE1956A+SD533A+C447A+N453A+CD2348A+CD151A+NE2284A+CA446A+NE460A+O530A+NE542A+CZ543A+NH2545A+CZ123A+OD2937A+CE1121A+CG150A+CH2267A+CG1450A+CD2171A+CB149A+NH1544A+CE2122A+CD2553A+CB168A+CA125A+O127A+NE2815A+CE1814A+CD1552A+CD1119A+CE1918A+CZ2265A+CD1170A+CZ920A+CA114A+CG1188A+CG2189A+N164A+CA165A+O111A+N156A+O159A+C158A+CB117A+CE195A+ND1812A+CE2919A+CZ2834A+O84A,+ALA66A+ARG18A+ARG59A+ILE65A+LEU20A+PRO62A
/net/scratch/basantab/20190527_deNovoNTF2DockingBenchmark.bk/natives_w_pockets/cleaned_native_PDBs/d3ec9a1_0001.pdb,d3ec9a1,119,419.401095589,538.000096202,4.31400109387,9.56847744423,17.870352674,13.5563515801,5.25447635036,2,80.0000143051,13.0,75.9195261695,0.181018902831,208.873313044,0.498027580856,134.608256375,0.320953516314,-3.94128982469,9.10981556157,15.3056808494,14.3098799856,16.3302446977,n/a,+112A+114A+124A+126A+20A+21A+24A+25A+27A+28A+29A+32A+42A+44A+48A+61A+64A+65A+66A+68A+69A+72A+74A+75A+76A+77A+78A+79A+95A,+ARG66A+ASP25A+ASP28A+GLN126A+GLU44A+GLY69A+GLY74A+HIS112A+HIS20A+HIS27A+LEU68A+LEU79A+LYS78A+MET32A+PHE124A+PHE48A+PHE65A+PHE77A+PRO29A+SER24A+THR76A+TRP114A+TRP42A+TRP72A+TYR21A+TYR75A+TYR95A+VAL61A+VAL64A,+O142A+CB161A+CD163A+C141A+CA140A+O394A+CG1396A+CB439A+N435A+CA436A+O427A+CA466A+SD180A+CE1432A+N149A+ND1145A+O490A+CE1147A+N509A+CA510A+CB428A+C426A+N465A+O117A+O516A+N513A+C511A+C459A+N532A+CE181A+CG429A+CD1430A+CA115A+CB517A+CA121A+CB461A+OG119A+N120A+OD1126A+CG2531A+CA526A+CD1463A+CD1519A+O535A+NE291A+CZ434A+CB118A+CB536A+CA544A+CE1521A+N552A+CG1422A+CH2258A+CD198A+CD2539A+CE1672A+CZ2256A+OE2274A+OE1273A+CE2301A+CZ302A+CE1100A+CG537A+CE2911A+CZ912A+CZ2830A+NE2930A+CE1810A+ND1808A+OH675A+NE2811A+O438A,+ARG66A+GLY69A+GLY74A+HIS27A+PHE65A+PRO29A+TRP72A+TYR75A+VAL61A
/net/scratch/basantab/20190527_deNovoNTF2DockingBenchmark.bk/natives_w_pockets/cleaned_native_PDBs/d3ef8a1_0001.pdb,d3ef8a1,95,624.886080227,887.0,7.24220344426,11.8653162988,19.3349514383,12.0927479941,4.62311285454,2,152.0,15.315,93.1339467715,0.149041480869,239.245098857,0.382861943044,292.507034599,0.468096576087,-2.87597804201,8.80714456664,28.6462133642,16.416182063,11.3896392143,n/a,+102A+107A+111A+129A+131A+132A+133A+134A+137A+138A+139A+140A+141A+142A+143A+144A+145A+146A+147A+19A+23A+43A+47A+58A+59A+60A+61A+62A+65A+66A+69A+71A+94A+96A,+ALA141A+ALA142A+ALA94A+ARG102A+ARG140A+ARG147A+ASN143A+GLU60A+GLY146A+GLY61A+HIS138A+HIS71A+HIS96A+ILE145A+ILE62A+LEU107A+LEU129A+LEU23A+LEU59A+MET133A+PHE47A+PHE65A+PHE66A+PRO144A+THR131A+THR132A+THR134A+THR58A+THR69A+TYR111A+TYR137A+TYR19A+TYR43A+VAL139A,+O1073A+CE2518A+N1184A+CB1188A+NE2568A+CE1567A+N1180A+N1172A+CB1169A+CG11177A+CD1195A+N1165A+N1152A+CG21135A+CG21069A+CD11179A+CA1166A+O1155A+O1132A+CE2386A+O1122A+O1150A+N490A+O1066A+O1160A+C1159A+C488A+CB1156A+CB1067A+O1139A+CA1078A+C1072A+CB1123A+N1085A+O348A+CA1153A+CA1137A+NE2761A+OH160A+OG11090A+CG21091A+OG11068A+CG11134A+N1147A+OG1551A+CG2552A+CZ387A+CD21051A+CB349A+CD2384A+N1136A+O489A+CE21116A+CB1133A+C1131A+CA1130A+O1110A+CD1854A+C1121A+CD1351A+CG350A+OH1118A+CD2352A+CD2855A+OH892A+CE1353A+CA1120A+CE2354A+CZ355A+CG2468A+CE1385A+CZ530A+NE21128A+OH356A+CD21126A+CB466A+CA463A+CD2516A+O465A+NH1819A+OG1467A+CB743A+CE1760A+CE11127A+CZ519A+CD2196A+CD2476A+C464A+CE2529A+O480A+CD2759A+CD1497A+CG1495A+CB513A+CG194A+CG2496A+CA491A,+ALA142A+ARG140A+ARG147A+GLY146A+HIS138A+ILE145A+MET133A+PRO144A+THR132A+THR134A+TYR137A+VAL139A
/net/scratch/basantab/20190527_deNovoNTF2DockingBenchmark.bk/natives_w_pockets/cleaned_native_PDBs/d3ejva1_0001.pdb,d3ejva1,100,553.60671416,774.000138402,7.72821577684,13.9926579768,25.1462213746,17.4180055978,6.26444219995,1,220.000039339,16.629,213.442187332,0.385548408053,119.920169891,0.216616176834,220.244356937,0.397835415112,-3.16071756434,10.3358522206,24.2780308828,13.5775859383,13.3355123746,n/a,+101A+103A+104A+105A+124A+128A+129A+133A+151A+153A+157A+158A+159A+16A+20A+23A+28A+38A+40A+54A+60A+63A+64A+66A+67A+68A+69A+70A+71A+72A+73A+75A+76A+77A,+ALA158A+ALA63A+ALA69A+ALA75A+ARG124A+ARG23A+GLN66A+GLU129A+GLY72A+HIS153A+HIS20A+HIS71A+ILE104A+ILE128A+ILE151A+ILE38A+ILE40A+ILE60A+LEU105A+LEU54A+MET157A+MET28A+MET67A+MET68A+PHE159A+PRO70A+SER103A+SER77A+TRP76A+TYR133A+TYR16A+TYR73A+VAL101A+VAL64A,+CB513A+NH2178A+O517A+SD213A+CD1795A+O1197A+O921A+CB793A+ND1527A+CB562A+OG780A+NE21159A+CE1193A+CD11205A+O496A+SD1192A+OE1966A+O954A+CB955A+CD1958A+CA1187A+CG964A+CG1191A+CE11207A+CG2957A+CG1299A+CG2300A+CZ1209A+CB779A+OE2967A+O487A+CE500A+CE11158A+CD1301A+CB497A+CG21139A+CD11140A+OH997A+C495A+CA502A+CB505A+N509A+N789A+CA467A+O784A+SD499A+CE1994A+CE508A+NE2148A+C503A+CG1762A+CA776A+N781A+CD2796A+SD507A+CE1147A+O512A+CB581A+O566A+CD1396A+CB465A+OH115A+O464A+CD2146A+NH1177A+CE1529A+CD1284A+N531A+C463A+CA522A+CG2472A+O538A+C783A+O438A+CE2113A+N466A+CE214A+CG2441A+CG212A,+ALA158A+ALA69A+ALA75A+ARG124A+GLN66A+GLY72A+ILE128A+LEU105A+MET157A+MET67A+MET68A+PHE159A+PRO70A+SER103A+TYR73A
/net/scratch/basantab/20190527_deNovoNTF2DockingBenchmark.bk/natives_w_pockets/cleaned_native_PDBs/d3en8a1_0001.pdb,d3en8a1,114,398.507340189,571.0,6.55664097713,11.1446060324,18.9489458225,12.3923048454,4.58796505522,1,199.0,14.629,75.8609577914,0.190362761588,148.570508117,0.372817494519,174.075874281,0.436819743893,-3.64636627561,9.78450018123,12.7550364892,14.8786642763,15.2431356542,n/a,+107A+109A+110A+111A+14A+17A+22A+25A+37A+39A+44A+53A+54A+57A+58A+59A+60A+61A+80A+82A+84A+87A+88A+89A,+ALA89A+ARG54A+ARG87A+ASP111A+GLN107A+GLN39A+GLU25A+GLY59A+HIS57A+ILE44A+ILE82A+LEU53A+LYS60A+PHE109A+PHE22A+PRO58A+PRO61A+PRO88A+SER110A+SER17A+TRP14A+TYR37A+TYR80A+TYR84A,+O141A+CE1174A+CA472A+OE1197A+O703A+OH299A+CZ298A+CB427A+CG465A+CB711A+OD1896A+NE430A+CG428A+CB292A+CB311A+CD2295A+CB877A+CD1658A+OE1314A+CE1673A+OG143A+CG293A+CE2882A+CD2880A+CG485A+O876A+O470A+CB464A+O692A+CE2297A+CD1353A+CE1296A+CG878A+CE1881A+CD1879A+CD1671A+C875A+C886A+CZ883A+OE1859A+CB419A+NE696A+NE2860A+N423A+O418A+CG694A+OH644A+O453A+CD466A+C702A+CB669A+CZ431A+CD429A+CE2642A+CG2657A+CG1656A+OE2198A+CZ3122A+OH676A+O426A+N665A+CB484A+CD486A+CA424A,+ARG87A+ASP111A+GLN39A+HIS57A+ILE44A+LEU53A+PHE109A+PRO58A+PRO88A+SER110A+TYR37A+TYR84A
/net/scratch/basantab/20190527_deNovoNTF2DockingBenchmark.bk/natives_w_pockets/cleaned_native_PDBs/d3er7a1_0001.pdb,d3er7a1,75,687.194279328,986.0,5.87497878495,9.41262559874,19.320213512,13.445234727,3.53764681378,1,455.0,28.315,172.235576914,0.250635929453,181.378559215,0.263940729239,333.580143199,0.485423341308,-2.51865720163,9.68385162873,20.7575866242,24.7807255035,16.137526542,n/a,+101A+102A+103A+10A+114A+115A+116A+117A+118A+119A+120A+121A+14A+38A+39A+40A+41A+44A+49A+50A+53A+56A+57A+60A+61A+64A+66A+74A+75A+76A+79A+81A+84A+86A+90A+96A+97A+98A+99A,+ALA116A+ALA49A+ALA60A+ASN117A+ASN40A+ASN61A+ASP102A+ASP120A+ASP121A+ASP99A+GLN44A+GLN98A+GLU75A+GLU81A+GLY41A+HIS66A+ILE103A+ILE64A+LEU115A+LEU39A+MET56A+PHE14A+PHE53A+PHE96A+PRO119A+SER74A+SER90A+THR101A+THR76A+THR79A+THR97A+TRP50A+TRP84A+TYR10A+TYR114A+VAL118A+VAL38A+VAL57A+VAL86A,+N299A+O901A+CG910A+NE2756A+CG1903A+O908A+CB909A+OG1774A+CE1405A+O591A+N757A+CE2874A+O363A+CG1439A+OD1297A+OE1629A+OE1328A+N397A+CG2904A+CB401A+O915A+NE2329A+ND2471A+CD2884A+OH52A+CH2378A+CE289A+CD1289A+CD1403A+SD432A+CZ3377A+O400A+CB430A+CE2406A+CG2440A+N434A+C428A+CZ407A+CZ90A+NE2515A+CE188A+CG882A+O880A+CD2290A+CD1883A+OD2783A+CA435A+O429A+CE1514A+CD1496A+CB894A+OD1782A+CB463A+CD2513A+CB287A+CG895A+OD1896A+CD1736A+O286A+CG2613A+CG2790A+ND2897A+CG2674A+O462A+OD1470A+CG1673A+CZ740A+O893A+OH876A+OG1612A+CB788A+CB889A+ND2298A+CH2662A+OG699A+CE2739A+OE2630A+CG2282A+CG1281A+CD1791A+OG578A+OE1755A+CE1738A+CB577A+CG1789A+CD628A+CD2737A+CG735A+N579A+CA899A+CA292A+CG2775A+CD754A+CB752A+CD911A+CB902A+CB773A+CG753A+O744A+CB734A+OD1918A+CA749A+N912A+O760A+CA913A+CB916A+N920A,+ALA49A+ALA60A+ASN40A+ASP120A+ASP121A+ASP99A+GLN44A+GLN98A+GLU75A+GLU81A+GLY41A+ILE103A+LEU39A+MET56A+PHE53A+PHE96A+PRO119A+SER74A+SER90A+THR101A+THR76A+THR79A+THR97A+TYR114A+VAL118A+VAL38A
/net/scratch/basantab/20190527_deNovoNTF2DockingBenchmark.bk/natives_w_pockets/cleaned_native_PDBs/d3fgya__0001.pdb,d3fgya,90,759.130736105,1250.00044703,5.19281946004,10.1536398731,20.3493507348,15.1565312747,4.96082041308,1,320.000114441,23.314,123.732984693,0.162992985013,300.481919702,0.395823677544,334.91583171,0.441183337443,-2.16834084784,9.91875700971,24.1362699468,22.22278376,13.4858464733,n/a,+100A+102A+104A+118A+11A+120A+125A+14A+15A+16A+17A+18A+20A+21A+22A+25A+26A+35A+37A+41A+43A+53A+54A+56A+57A+58A+60A+61A+64A+65A+66A+67A+68A+70A+71A+72A+74A+88A+89A+90A+98A,+ALA15A+ALA16A+ALA54A+ALA60A+ARG90A+ASP100A+ASP21A+GLN58A+GLU118A+GLU65A+GLU70A+GLY18A+GLY20A+GLY89A+ILE120A+ILE37A+ILE66A+LEU125A+LEU25A+LEU26A+LEU43A+LEU53A+LEU56A+LEU57A+LYS11A+LYS22A+MET17A+PHE104A+PHE14A+PHE74A+PHE98A+PRO71A+PRO72A+SER61A+SER67A+THR88A+TRP102A+TRP35A+TRP41A+TYR68A+VAL64A,+N678A+N511A+OH522A+N497A+CD552A+CB413A+CA140A+CD2195A+O169A+O500A+CH2324A+CA489A+CG136A+CG2503A+O670A+CD1338A+CG2487A+CE1118A+CD1504A+SD137A+CB114A+CB515A+O412A+CB86A+CA436A+CA540A+N458A+O430A+O484A+O491A+O134A+CA132A+C499A+CG2940A+CD1941A+CZ2322A+OD2771A+CD1976A+OE1920A+CE1809A+CG785A+CD2434A+OE2921A+CZ811A+CD1786A+CZ3792A+CE2810A+CD2808A+CG551A+CD1290A+CD2977A+CE1752A+NE1788A+CE2789A+CH2793A+CZ120A+CE1570A+CA459A+CB462A+CZ3323A+CD2426A+CZ2272A+CE1519A+CZ2791A+CE2119A+CA167A+CZ572A+CD1425A+CG424A+CZ754A+CH2274A+CD1116A+CD1517A+CD2117A+CG115A+CG87A+CG1486A+CZ521A+CA83A+N435A+CB457A+CG516A+O85A+O533A+CE2520A+CA111A+CD2518A+O514A+C84A+C156A+CG406A+CD2203A+CB135A+O113A+CB784A+C112A+N121A+CB125A+CA410A+N409A+CD1433A+O456A+CA675A+N674A+N139A+CA122A+N166A+CB431A+CD1202A+C455A+CG201A+CB192A+C676A+N505A+C133A+OG510A+CA506A+C429A+CG171A+CB682A+O124A+OE1495A+O129A+C160A+N158A+CA155A+OG463A+O461A+CB170A+O142A,+ALA15A+ALA54A+ARG90A+GLN58A+GLU65A+GLU70A+GLY18A+GLY20A+GLY89A+ILE66A+LYS11A+LYS22A+MET17A+PHE74A+PRO71A+PRO72A+SER61A+SER67A+THR88A+TYR68A+VAL64A
/net/scratch/basantab/20190527_deNovoNTF2DockingBenchmark.bk/natives_w_pockets/cleaned_native_PDBs/d3fsda__0001.pdb,d3fsda,96,480.11123694,634.0,5.87497722278,11.6348191677,19.506522967,13.6315457442,5.75984194494,1,114.0,13.629,65.8912559879,0.137241645099,262.287661025,0.546306024197,151.932319927,0.316452330704,-3.46670239122,9.28399278483,18.2837127149,14.3854350526,12.333740011,n/a,+101A+103A+105A+107A+109A+111A+124A+129A+131A+22A+26A+34A+38A+44A+46A+47A+52A+56A+57A+58A+60A+61A+66A+68A+71A+94A+98A,+ARG111A+ASP46A+CYS129A+GLU101A+GLU105A+HIS47A+HIS57A+LEU107A+LEU124A+LEU22A+LEU34A+LEU38A+LEU58A+LEU66A+LEU68A+LEU71A+LYS52A+MET26A+PHE103A+PHE109A+PHE44A+PRO60A+THR56A+THR94A+TYR61A+TYR98A+VAL131A,+CD2273A+CB262A+O344A+CG1919A+OE2709A+ND1272A+CG706A+CE1274A+NE2275A+OD2265A+CD1689A+O672A+O648A+CD2652A+CD707A+OE1708A+CE2654A+CB687A+CD2690A+CB649A+CG688A+CB705A+CZ655A+OH656A+CG271A+CE307A+CG650A+CD2724A+SG907A+CG305A+CZ693A+CE2692A+CE1691A+CD1651A+CE1653A+CG373A+O337A+CD1421A+CD1723A+CE1248A+CA342A+CD1246A+ND1347A+OG1627A+CD2422A+CZ746A+CD374A+CE1349A+CG2628A+CE2745A+CZ250A+CD2439A+CB626A+CE2384A+OH386A+CE117A+NE2350A+CE2249A+CD1438A+CD1463A+CD187A+NH1763A+SD116A+CD2348A+CD760A+CD2875A+CG115A+CD2358A+CD2205A+CD2173A+CD288A+CD1204A,+ASP46A+GLU101A+GLU105A+HIS47A+LYS52A+PHE103A+PRO60A+THR56A+TYR98A+VAL131A
/net/scratch/basantab/20190527_deNovoNTF2DockingBenchmark.bk/natives_w_pockets/cleaned_native_PDBs/d3g8za__0001.pdb,d3g8za,105,482.687649756,562.999798656,4.55664044966,11.6907911758,22.1210165779,17.5643761282,7.1341507261,2,63.9999771118,12.314,94.7085585916,0.196210859423,163.949355648,0.339659313287,224.029735516,0.46412982729,-3.88846804784,9.97370620754,17.4343947188,18.4861882032,11.5645850595,n/a,+101A+10A+115A+116A+117A+123A+127A+14A+15A+17A+19A+22A+23A+32A+34A+47A+51A+54A+55A+57A+58A+63A+65A+66A+67A+84A+86A,+ALA66A+ASP101A+GLN15A+GLN34A+GLU123A+GLY17A+GLY23A+GLY51A+GLY55A+GLY63A+HIS19A+ILE14A+ILE67A+LEU115A+LEU22A+LEU54A+LEU84A+MET47A+MET57A+MET58A+PHE116A+PHE65A+PHE86A+SER117A+TRP127A+TRP32A+TYR10A,+CE358A+OE2927A+NE2144A+CE1143A+N165A+O467A+SD432A+CB430A+O478A+CG431A+O408A+CB490A+CA406A+NE2259A+CD2482A+CE433A+CZ2963A+CB401A+O494A+O110A+CE425A+O102A+CE1646A+CZ485A+SD424A+O400A+CA108A+CA124A+CB642A+CE2647A+CZ648A+CG2105A+OG880A+CE2484A+CD2404A+OE1258A+C399A+N405A+O381A+N123A+CD2645A+CD1627A+CG1496A+O867A+CD1498A+CA100A+CD1163A+CD2142A+CB860A+CD1862A+CG140A+CZ2238A+OD1747A+CD1106A+CG1104A+CD1403A+CA379A+OD2748A+CD2863A+CH2240A+CA136A+CB139A+OH78A+CB161A+O138A+CE175A+CA166A,+GLY23A+GLY51A+GLY55A+HIS19A+MET47A+MET58A
/net/scratch/basantab/20190527_deNovoNTF2DockingBenchmark.bk/natives_w_pockets/cleaned_native_PDBs/d3grda__0001.pdb,d3grda,13,419.869117723,624.0,5.19281493295,10.5832217976,18.6814974613,13.4886825284,5.39040686462,1,129.0,12.0,124.81340066,0.29726739927,167.097482506,0.397975167625,127.958234557,0.304757433105,-2.8267539009,9.94272623941,16.0922181257,11.2338369914,12.2595945121,n/a,+106A+108A+118A+120A+12A+13A+17A+20A+21A+24A+34A+36A+53A+56A+57A+60A+61A+64A+66A+67A+68A+69A+89A,+ALA17A+ALA21A+ALA69A+ASN20A+ASP66A+GLN120A+GLU36A+GLY61A+HIS106A+LEU24A+LEU60A+LYS68A+MET53A+PHE118A+PHE57A+THR12A+TRP108A+TRP34A+TRP64A+TYR13A+TYR67A+TYR89A+VAL56A,+O515A+CE1520A+CD1433A+CB154A+CE402A+O430A+C506A+N512A+CA464A+O485A+NE2947A+NZ532A+CH2847A+CZ2845A+CE2928A+CA151A+OG192A+ND1823A+CB91A+CZ929A+CD2181A+CH2262A+CE1102A+CZ104A+O90A+CE1825A+NE2826A+CZ2260A+OE2278A+CZ437A+CD530A+OH692A+CD1100A+CB537A+OE1277A+O145A+CE1435A+CG1425A+CB129A+CE1689A+CB146A+N150A+CD1461A+CG432A+O536A+CA95A+ND2149A+CB431A+O128A+N533A+CD1518A+CA126A+CE531A+N125A+CB459A+CA525A+N463A+CB516A+C457A+O458A+CA505A+N504A,+ALA17A+ALA21A+ASN20A+ASP66A+GLY61A+LYS68A+MET53A+PHE57A+TRP64A+TYR67A
/net/scratch/basantab/20190527_deNovoNTF2DockingBenchmark.bk/natives_w_pockets/cleaned_native_PDBs/d3mg3a2_0001.pdb,d3mg3a2,119,339.744033765,548.00019598,6.31450414664,10.1963266607,16.5571446233,10.2426404767,3.88182251403,1,174.000062227,15.315,53.6905856636,0.158032460699,74.3288928114,0.218779096686,211.72455529,0.623188442615,-3.0004515375,9.27850666743,15.8239269789,12.935221943,11.1414296179,n/a,+174A+201A+205A+223A+225A+226A+240A+241A+243A+244A+245A+246A+248A+250A+273A+275A+276A+277A+282A+284A+286A+288A+303A,+CYS245A+GLN246A+GLU174A+GLU243A+GLU244A+ILE286A+ILE303A+LEU205A+LEU223A+LEU248A+LEU250A+MET284A+PHE240A+PHE241A+PRO225A+PRO226A+PRO276A+THR275A+TRP277A+TRP288A+TYR201A+VAL273A+VAL282A,+CE864A+SD863A+O570A+SG566A+CD2591A+CZ520A+CE1518A+CD1376A+CG11022A+CG2797A+CG1851A+CG2781A+CG399A+CB556A+CG803A+CD1880A+CG1780A+CB779A+CG1878A+CB795A+CG21023A+CZ2897A+NE1894A+OG1796A+CG606A+CD2608A+CD1590A+CD1607A+CD400A+CD2240A+OH208A+CB1021A+N394A+CD1811A+CD804A+CA388A+CB391A+CD11024A+CB571A+NE1813A+O555A+CE2519A+CD2377A+N567A+CE1529A+OE1559A+CD1527A+C554A+CA553A+OE17A+NE2575A+CG572A+O546A,+GLN246A+GLU174A+GLU243A+GLU244A+MET284A+PHE240A+PRO225A+PRO226A+PRO276A+THR275A+TRP277A+VAL282A
/net/scratch/basantab/20190527_deNovoNTF2DockingBenchmark.bk/natives_w_pockets/cleaned_native_PDBs/d3owsa__0001.pdb,d3owsa,75,668.052387826,968.000346184,5.19281735148,9.2042013491,19.3145035077,14.1216861562,4.01138399763,1,323.000115514,21.315,106.404457566,0.159275618956,216.967296469,0.324775871507,344.680633791,0.515948509537,-3.28432144386,9.41587284101,24.1812208955,21.4101390953,14.7236104275,n/a,+100A+101A+102A+103A+116A+118A+119A+120A+121A+122A+124A+125A+16A+20A+38A+40A+41A+42A+44A+45A+47A+52A+56A+57A+59A+60A+61A+62A+64A+65A+66A+71A+85A+86A+88A+90A+91A+92A+93A+99A,+ALA118A+ASN124A+ASN40A+ASN93A+ASP100A+ASP103A+GLN44A+GLN52A+GLN59A+GLU122A+GLY60A+GLY62A+GLY64A+ILE102A+ILE47A+LEU125A+LEU61A+LEU99A+LYS65A+MET90A+PHE42A+PHE56A+PHE86A+PRO41A+PRO45A+PRO85A+SER121A+THR71A+TRP120A+TRP92A+TYR119A+TYR16A+TYR57A+VAL101A+VAL20A+VAL38A+VAL66A+VAL88A+VAL91A+XCN116A,+CZ3921A+CH2922A+CG304A+N671A+OE1454A+CG1759A+N754A+CD2738A+CA414A+CD1959A+CB325A+N413A+CD1351A+CG452A+CG2350A+N692A+O900A+CB901A+O742A+OG1531A+C899A+CA898A+CG465A+CD1430A+O389A+CG1147A+CE1432A+CD2467A+CA425A+CA457A+CA477A+N476A+O459A+O471A+CB417A+O912A+CA924A+CG2148A+OH116A+CE2422A+C458A+CG2495A+CD1419A+O450A+CD1684A+CE2114A+O278A+NC879A+CG1494A+CZ423A+N480A+CG2677A+O294A+CE670A+CZ635A+OD2769A+CE2634A+CG2653A+CG1652A+ND2298A+CB667A+O483A+CE1421A+CG1349A+CB675A+CS881A+CG1280A+O674A+OD1768A+SD669A+CG296A+N291A+N344A+O333A+CG1752A+OD1297A+CD305A+CG2753A+NE1917A+CZ2920A+CD1915A+CE2918A+CA679A+CG326A+CG2532A+N625A+O628A+N923A+CB735A+O750A+CG958A+NE1686A+CB622A+OD1745A+N747A+CD1737A+CB743A+C749A+CA740A+C741A+CB758A+O895A+CB310A+CB303A+C911A+OE2937A+NE2455A+N909A+O309A+ND2952A+OD1951A+CA910A,+ALA118A+ASN124A+ASN93A+ASP100A+GLN44A+GLN52A+GLN59A+GLU122A+GLY60A+GLY62A+GLY64A+ILE102A+ILE47A+LEU125A+LYS65A+PHE42A+PHE56A+PRO41A+PRO45A+PRO85A+SER121A+THR71A+TRP120A+TRP92A+TYR119A+VAL91A
/net/scratch/basantab/20190527_deNovoNTF2DockingBenchmark.bk/natives_w_pockets/cleaned_native_PDBs/d3q90a__0001.pdb,d3q90a,69,276.769464234,337.000120521,6.60652792495,9.85916250107,17.0458243974,10.4392964724,3.25263457612,1,147.000052571,14.314,51.581715053,0.186370686505,135.176619933,0.488408720618,90.0111292483,0.325220592877,-4.59124810653,10.095960349,14.9244416372,11.6240617175,11.1005452834,n/a,+100A+104A+106A+110A+131A+132A+133A+136A+19A+20A+23A+40A+41A+52A+64A+68A+70A+98A+99A,+ALA104A+ALA52A+ARG106A+ARG132A+ASN100A+GLN110A+GLN68A+GLU136A+LEU23A+LEU98A+LYS64A+PHE131A+PHE70A+SER99A+TYR133A+TYR19A+TYR20A+TYR40A+VAL41A,+CB923A+O702A+CD1658A+N666A+N294A+CE2284A+ND2673A+OH109A+OH286A+CE2107A+CE398A+CZ285A+NE2761A+CZ448A+CD2144A+CB298A+C289A+O290A+NE2429A+OE1428A+OE1760A+CE1118A+CD936A+CD427A+CG924A+CD1925A+CE1927A+CB425A+O922A+CE1446A+O424A+CD2926A+CE2928A+CZ929A+OH952A+CB670A+CD2659A+CE2950A+NH1939A+CA931A+N941A+CD2948A+OE1977A+CZ951A+O669A+O655A+NH1721A+CD718A+CA661A,+ALA104A+ALA52A+ARG106A+ARG132A+ASN100A+GLN68A+GLU136A+LYS64A+TYR133A
/net/scratch/basantab/20190527_deNovoNTF2DockingBenchmark.bk/natives_w_pockets/cleaned_native_PDBs/d3qk9a__0001.pdb,d3qk9a,111,673.625962435,842.0,9.97475365638,12.4251441304,17.8525679496,7.87781429325,2.450390474,1,413.0,27.628,121.437176001,0.18027389497,187.815554762,0.278812820817,364.373231672,0.540913284214,-2.986256651,9.63731987043,25.2256364789,21.9428031519,22.1396099832,n/a,+242A+243A+246A+247A+248A+249A+250A+251A+252A+254A+258A+305A+306A+317A+321A+324A+325A+328A+329A+332A+339A+341A+352A+353A+355A+369A+373A+374A+375A+376A+377A+394A+395A+396A+397A+421A+422A+423A+424A+425A+426A+427A+428A,+ALA339A+ARG424A+ARG428A+ASN248A+ASN375A+CYS369A+GLN328A+GLN329A+GLU247A+GLU373A+GLU421A+GLY341A+GLY425A+GLY426A+ILE251A+ILE374A+LEU242A+LEU250A+LEU376A+LEU394A+LYS355A+MET254A+MET395A+PHE317A+PHE332A+PHE422A+PRO249A+PRO321A+SER246A+SER353A+SER396A+SER397A+SER427A+THR258A+TRP243A+TYR305A+TYR325A+TYR377A+VAL252A+VAL306A+VAL324A+VAL352A+VAL423A,+CD11173A+NH21360A+OG1188A+NH11359A+CZ1358A+CG1355A+O1353A+N1350A+CA1344A+O1335A+CG11348A+CG1131A+O976A+C975A+CB1347A+N973A+OD11027A+CA768A+O1178A+CA1362A+CB481A+OG1194A+CD2125A+OE1670A+CE2474A+N103A+CZ475A+N1365A+CB1193A+CG116A+CG21349A+CG2132A+CG1139A+CG2859A+CB864A+CE1473A+OE1661A+C1363A+CE155A+O1364A+CA112A+CB138A+CD1124A+O121A+OD1109A+CA1370A+O97A+CG2140A+CB122A+CB152A+CG153A+SD154A+CE878A+NZ879A+O1368A+CA185A+CA1366A+ND2110A+CG2190A+CB98A+CA104A+CB107A+CG108A+CA95A+CH270A+CZ369A+CG1380A+C96A+CZ268A+CE367A+OG93A+CD256A+CD1133A+CA58A+CB61A+N57A+OH476A+N632A+O480A+CB758A+OH643A+O468A+CA478A+OH1048A+CE1640A+CB636A+CD1638A+CE1576A+O602A+N1029A+O1016A+CG1482A+CE1697A+CD2472A+CZ699A+CB658A+CA633A+CD11338A+CB1025A+OE11011A+NE1357A+O657A+CG1630A+CD1356A+CD660A+ND21028A+CG1026A+NE2662A+CB1354A+OE21331A,+ARG424A+ARG428A+ASN248A+ASN375A+CYS369A+GLN328A+GLU247A+GLU421A+GLY425A+GLY426A+ILE251A+LEU242A+LEU250A+LEU394A+LYS355A+MET254A+MET395A+PHE332A+PHE422A+SER246A+SER353A+SER396A+SER397A+SER427A+THR258A+TRP243A+TYR377A+VAL252A+VAL324A+VAL352A+VAL423A
/net/scratch/basantab/20190527_deNovoNTF2DockingBenchmark.bk/natives_w_pockets/cleaned_native_PDBs/d4akza__0001.pdb,d4akza,21,415.658931727,772.000138044,6.19231917426,9.25407797806,17.142431213,10.9501120388,3.06175880379,1,321.000057399,19.314,113.473517238,0.272996701326,116.555735097,0.28041195846,185.629679392,0.446591340214,-2.81432730129,10.2727171236,20.0837099205,16.0213205184,10.1526102782,n/a,+114A+115A+116A+117A+140A+141A+143A+144A+145A+149A+151A+154A+155A+159A+161A+182A+184A+186A+194A+196A+198A+229A+230A+231A,+ARG114A+ARG186A+ARG230A+GLN144A+GLN154A+GLU115A+GLU194A+LEU151A+LYS149A+LYS182A+PHE145A+SER140A+SER143A+THR116A+THR161A+THR184A+THR196A+TRP198A+TYR117A+TYR141A+TYR155A+TYR229A+VAL159A+VAL231A,+O435A+O365A+CG11068A+O769A+CB770A+CG2698A+NH2718A+OG1697A+CB696A+CG2788A+CG1515A+OH491A+CZ490A+OG1533A+CE2489A+CB680A+CE683A+CA1053A+O1043A+NH2156A+CB177A+CE1488A+CZ2810A+NZ684A+CG2534A+CB532A+CD2453A+NE2479A+O160A+CD1452A+O1066A+O169A+CD2180A+CE2808A+CH2812A+OE1164A+CZ410A+CD2806A+CE3809A+CZ3811A+CA158A+O149A+NE2399A+CG451A+O394A+CB1067A+OE2165A+CD163A+CD397A+CB395A+CG21069A+OE1398A+CA392A+NE153A+CG151A+N1063A+CE21049A+CD21047A+O371A+N391A+OG390A+CA369A+OG367A,+ARG114A+ARG186A+ARG230A+GLN144A+GLN154A+GLU194A+LEU151A+LYS149A+SER140A+SER143A+THR184A+THR196A+TRP198A+TYR155A+TYR229A+VAL231A
/net/scratch/basantab/20190527_deNovoNTF2DockingBenchmark.bk/natives_w_pockets/cleaned_native_PDBs/d4cdla__0001.pdb,d4cdla,87,668.879087172,980.000350475,6.19281735385,11.6398451959,23.6678950993,17.4750777454,5.447027842,1,306.000109434,22.315,84.3604843654,0.126122173624,293.713398656,0.439112844591,290.805204151,0.434764981785,-2.81586544485,9.90953451589,16.0611166902,19.7698280046,19.7739111126,n/a,+101A+103A+118A+120A+122A+123A+125A+126A+16A+20A+38A+39A+40A+41A+42A+44A+45A+47A+52A+56A+57A+59A+60A+61A+66A+68A+86A+88A+90A+92A+96A+97A+98A+99A,+ALA98A+ARG118A+CYS126A+CYS97A+GLN44A+GLN52A+GLU122A+GLU39A+HIS56A+ILE38A+ILE47A+LEU103A+LEU125A+LEU61A+LEU66A+LEU86A+LYS59A+LYS88A+PHE16A+PHE42A+PRO41A+PRO45A+PRO96A+SER40A+THR99A+TRP120A+TRP60A+TRP90A+TRP92A+TYR57A+VAL101A+VAL123A+VAL20A+VAL68A,+CD1710A+CE2713A+NH2925A+CB708A+SG751A+CD1988A+N752A+CG302A+CE2313A+CG458A+CH2466A+OE1326A+NE1461A+CG1347A+CD1349A+O970A+CD2474A+O755A+OG296A+CE2114A+CD1652A+CD2794A+CG1146A+CA343A+CD1793A+CG1520A+CZ115A+CG2147A+O331A+OE1391A+CZ2464A+CG2778A+O387A+CB919A+CZ923A+CG2521A+OH432A+CE1429A+CD671A+CB776A+CG1777A+CD921A+CG670A+NH1924A+CG2280A+NE922A+CB942A+CG472A+NZ673A+CE672A+CD2503A+CD1427A+CE1312A+CH2696A+CD1944A+CD303A+O285A+NE2420A+CG2763A+CA292A+O277A+CE1419A+CB457A+OG1762A+CZ314A+CB295A+CD1459A+CE3948A+CD2945A+CB761A+CG943A+CD2460A+ND1417A+CB415A+CG2348A+CB388A+CG963A+CZ2694A+CD2311A+CZ3465A+CE2462A+CA412A+N411A+O742A+CB962A+OE2966A+CG987A+OE1965A+CD964A+CB750A+CD450A+N982A+CB986A+CA747A+NE1691A+NE2327A+N990A+CB323A+NZ452A+SG995A+CG709A+CD2711A,+CYS126A+CYS97A+GLN44A+GLN52A+GLU122A+HIS56A+ILE47A+LEU125A+LYS59A+PHE42A+PRO45A+PRO96A+TRP120A+TRP60A+TRP92A+VAL123A
/net/scratch/basantab/20190527_deNovoNTF2DockingBenchmark.bk/natives_w_pockets/cleaned_native_PDBs/d4j8ta__0001.pdb,d4j8ta,45,662.705993576,1126.0,3.69886521104,9.52096361777,21.1429282696,17.4440630586,5.82209840672,1,297.0,18.999,95.1259844228,0.143541759611,361.12171736,0.544919950717,206.458291794,0.311538289672,-3.08382514247,9.09357518175,24.1944232492,16.6128080766,16.4454156963,n/a,+101A+115A+117A+119A+11A+124A+125A+127A+14A+22A+32A+34A+38A+39A+40A+41A+42A+45A+50A+53A+54A+55A+57A+58A+61A+62A+64A+66A+90A+91A+92A+93A+95A+97A,+ALA53A+GLY40A+GLY95A+HIS54A+HIS90A+ILE64A+LEU117A+LEU11A+LEU125A+LEU14A+LEU32A+LEU57A+LEU97A+LYS42A+MET55A+MET62A+PHE119A+PHE45A+PHE58A+PHE66A+PRO127A+PRO38A+PRO39A+SER93A+THR50A+THR91A+TRP22A+TYR101A+TYR115A+TYR34A+TYR41A+TYR61A+VAL124A+VAL92A,+O403A+CZ554A+OG760A+OH328A+N434A+O432A+CE2270A+ND1440A+CG11011A+N471A+CG1035A+CA318A+O1009A+O309A+SD450A+CE2365A+CE1739A+CZ327A+OH272A+SD516A+N748A+CB759A+CA766A+CB752A+N755A+OG1746A+CG2754A+CB735A+N741A+CD2738A+O501A+CD2505A+CA499A+ND1737A+CG736A+CB1034A+CG2531A+CD1532A+CB502A+NE2740A+CB514A+CE517A+CE1479A+CZ481A+CB467A+CD335A+CG2406A+O474A+N510A+CD1477A+CD2785A+OH815A+CD1109A+CE1552A+CG503A+CA472A+CE451A+CD2110A+CZ814A+CD283A+CD1504A+O466A+CG21012A+CE1812A+CD2949A+CZ508A+CE1506A+C465A+CB475A+CD1967A+CG966A+CZ2171A+OH930A+CE1969A+CD2968A+CH2173A+CD21020A+O437A+CA445A+CZ971A+CE2970A+CD2324A+CE1269A+CE1442A+CD1469A+CG304A+CB303A+NE2443A+CZ271A+CD1250A+CE1325A+CE2326A+CD305A+CD1323A+CA435A+CG322A+C431A+CB438A+CB433A+CZ366A+O316A+N329A+CD2363A+CB333A+CG334A+NZ337A,+ALA53A+GLY40A+GLY95A+HIS54A+HIS90A+LEU125A+LEU57A+LYS42A+PRO127A+PRO38A+PRO39A+SER93A+THR50A+THR91A+TYR41A+TYR61A+VAL124A+VAL92A
/net/scratch/basantab/20190527_deNovoNTF2DockingBenchmark.bk/natives_w_pockets/cleaned_native_PDBs/d4jf8a__0001.pdb,d4jf8a,113,330.327890211,525.000093877,7.2427030324,9.49953361053,13.8530691135,6.61036608106,2.25683057813,1,293.000052392,16.628,91.0727676309,0.275704142247,72.4486182585,0.219323346304,166.806504322,0.504972511449,-3.16927935664,8.92412723624,16.5303847229,17.1251917737,11.1626466534,n/a,+109A+110A+135A+138A+139A+141A+144A+145A+146A+149A+150A+156A+177A+178A+179A+187A+188A+190A+192A+222A+223A+224A,+ALA145A+ARG109A+ARG146A+ARG223A+ASP144A+GLN178A+GLN179A+GLN190A+GLN192A+GLU110A+GLU135A+GLU141A+GLY187A+ILE139A+ILE156A+LEU150A+LYS138A+THR177A+THR224A+TYR222A+VAL149A+VAL188A,+CA428A+CB486A+OG11092A+NE2846A+CB823A+O190A+NH2492A+CD844A+CG843A+CB747A+N1087A+O1067A+CA1077A+OE1845A+CG824A+O421A+CD21071A+CE21073A+CG21093A+OG1732A+CA483A+NH2186A+OE2195A+OE1194A+O730A+O806A+NE183A+CG2733A+CB731A+C729A+N734A+CA735A+N743A+C801A+O389A+CG2570A+CG1432A+CG181A+CD1434A+CD193A+NH1491A+O179A+CA188A+CD1571A+CZ490A+CG1569A+OE1750A+CG2433A+NE489A+O430A+CD1523A+CG487A+CD2524A+O472A+N482A+CG522A+O450A+CA478A+N477A+CB514A,+ALA145A+ARG109A+ARG146A+ARG223A+ASP144A+GLN179A+GLN190A+GLN192A+GLU135A+GLU141A+GLY187A+ILE139A+LEU150A+LYS138A+THR224A+TYR222A+VAL149A+VAL188A
/net/scratch/basantab/20190527_deNovoNTF2DockingBenchmark.bk/natives_w_pockets/cleaned_native_PDBs/d4kz1a__0001.pdb,d4kz1a,103,230.925325011,185.0,7.14292735379,8.67267549302,12.9713550053,5.82842765148,1.52974813924,1,136.0,27.315,46.8401679499,0.202836860564,114.083673097,0.494028418459,70.0014839638,0.303134720977,-6.0083994251,11.555437423,27.2648952348,7.86187413607,4.89994248935,n/a,+121A+123A+125A+129A+130A+131A+133A+135A+165A+166A+167A+52A+53A+75A+78A+82A+89A+91A+94A+95A+98A,+ARG166A+ARG52A+ARG78A+ASN131A+ASP125A+GLU130A+GLU53A+GLU75A+GLU89A+ILE94A+LYS121A+LYS129A+MET98A+PRO91A+SER133A+SER167A+TRP135A+TRP82A+TYR165A+TYR95A+VAL123A,+N782A+C775A+O776A+N791A+C784A+O722A+N737A+CE522A+CB723A+CG1724A+O348A+SD521A+ND2798A+CG2725A+NZ711A+CE1493A+CD1491A+O480A+CD1484A+OG812A+CB1092A+OH496A+CZ2834A+CE2494A+CH2836A+CG458A+O152A+CZ3835A+OE1156A+CZ2391A+CH2393A+O441A+OG1093A+O1091A+OE2157A+NE1388A+CE2389A+N1088A+CE21074A+NE145A+CZ3392A+CE3390A+CD2387A+CA1078A+CD21072A+NH2148A+CG385A+O1068A+CB384A+OE2327A+CB349A,+ARG166A+ARG52A+ARG78A+ASN131A+ASP125A+GLU130A+GLU75A+GLU89A+ILE94A+LYS129A+MET98A+SER133A+SER167A+TRP135A+TRP82A+TYR165A+TYR95A+VAL123A
/net/scratch/basantab/20190527_deNovoNTF2DockingBenchmark.bk/natives_w_pockets/cleaned_native_PDBs/d4lsoa__0001.pdb,d4lsoa,63,406.57594238,640.0,5.82842712475,7.77363570307,12.314500511,6.48607338626,1.94520857832,1,325.0,24.628,112.474240544,0.276637717139,147.825052379,0.363585340328,146.276649457,0.359776942534,-2.96284118126,9.57685529709,24.9717287688,15.45658701,8.11423640947,n/a,+113A+114A+136A+139A+143A+150A+155A+156A+159A+182A+184A+186A+192A+193A+194A+195A+196A+226A+227A+228A+230A+231A+233A+234A,+ARG113A+ARG139A+ARG227A+ASN192A+GLU114A+GLU136A+GLU150A+GLU186A+GLU231A+HIS195A+ILE155A+ILE184A+ILE193A+ILE233A+LYS182A+LYS234A+MET159A+PRO230A+SER194A+SER228A+TRP143A+TRP196A+TYR156A+TYR226A,+OE2358A+SD554A+CE1526A+CZ2862A+O1122A+O844A+CB1137A+CA413A+CB823A+OE2780A+O379A+CD1418A+NE168A+CB416A+CG2759A+O830A+O1143A+O513A+O474A+CB475A+CG417A+NH2171A+CB380A+C378A+CB514A+CG2516A+CD1517A+OE1478A+CZ2423A+NE1420A+CD2419A+CD1524A+OH529A+CE2421A+CE11104A+O1099A+NZ745A+OE1179A+OE2180A+CD1760A+CD11102A+ND2826A+CB757A+CH2864A+CZ3863A+CB1123A+N1119A+CA1109A+C829A+CB839A+OG840A+C821A+N835A+CG1138A+N827A+CA836A+N841A+O1159A+CG1170A,+ARG139A+ARG227A+ASN192A+GLU136A+GLU150A+GLU186A+GLU231A+ILE155A+ILE184A+ILE193A+ILE233A+LYS234A+MET159A+PRO230A+SER228A+TRP143A+TRP196A+TYR226A
/net/scratch/basantab/20190527_deNovoNTF2DockingBenchmark.bk/natives_w_pockets/cleaned_native_PDBs/d4nhfa__0001.pdb,d4nhfa,104,355.531817613,660.0,6.97135490436,9.30209078959,14.046551112,7.07519620768,2.33073588523,1,269.0,16.629,110.342440336,0.31035883392,62.3628899361,0.175407338659,182.826487341,0.514233827421,-2.1132466753,10.1659152436,14.7859961856,19.4455511418,9.21214282122,n/a,+109A+110A+135A+138A+139A+144A+146A+149A+150A+156A+177A+178A+179A+189A+191A+193A+223A+224A+225A+227A,+ARG109A+ARG146A+ARG224A+ASN144A+GLN178A+GLN179A+GLN191A+GLN193A+GLU110A+GLU135A+ILE139A+ILE156A+LEU150A+LYS138A+PRO189A+PRO227A+SER225A+THR177A+TYR223A+VAL149A,+OE1847A+NE2848A+O1093A+N1090A+NH2492A+CA1080A+CG2434A+NH2186A+CD1571A+O1070A+NH1491A+CG1109A+CB1094A+CE11075A+OE1194A+OE1748A+O808A+O431A+CG1433A+CG2570A+N741A+C734A+O190A+CB745A+CG1569A+N732A+OG1730A+CG2731A+CG522A+CD1523A+O728A+O179A+CA483A+CD2524A+CG487A+NE489A+NE2829A+CD1435A+OE2195A+CB514A+CB486A+CG845A+OG1095A+O389A+O472A+N482A+CB825A+NE183A+CD827A+CD846A+CD11073A+CA429A+OE1828A+O422A+N428A+CB390A,+ARG109A+ARG146A+ARG224A+ASN144A+GLN179A+GLN191A+GLN193A+GLU135A+ILE139A+LEU150A+LYS138A+PRO189A+PRO227A+SER225A+TYR223A+VAL149A
