,vol
d1gy6a_,592.000105858
d1gy7a_,102.0
d1hkxa_,978.0
d1idpa_,1055.00018865
d1m98a2,649.0
d1nwwa_,517.999814749
d1of5a_,243.000086904
d1oh0a_,1068.0
d1ohpa_,1072.00038338
d1q40b_,188.85618014
d1s5aa_,43.0
d1sjwa_,859.504720735
d1tp6a_,603.999783993
d1z1sa1,996.000356197
d2a15a1,849.0
d2bnga1,597.0
d2cc3a1,957.0
d2chca1,712.000127316
d2cw9a1,368.000065804
d2f86b1,1457.00026053
d2F99,774.0
d2f99a_,768.999724984
d2gexa1,1375.0
d2geya1,1602.00057292
d2gxfa1,1738.00062156
d2i9wa1,756.0
d2k54a1,540.000193119
d2owpa1,541.0
d2r4ia1,836.000298977
d2rcda1,334.000119448
d2rfra1,643.0
d2rgqa1,204.000072956
d2STD,375.0
d2ux0a1,1492.99946606
d2w2ca_,1372.0
d3b7ca1,1341.0
d3bb9a1,1148.0
d3blza1,717.0
d3cnxa1,333.0
d3cu3a1,1515.99945784
d3d9ra1,556.000198841
d3dm8a1,648.0
d3dmca1,728.0
d3duka_,180.0
d3dxoa1,289.0
d3ebta1,923.000330091
d3ec9a1,538.000096202
d3ef8a1,887.0
d3ejva1,774.000138402
d3en8a1,571.0
d3er7a1,986.0
d3fgya_,1250.00044703
d3fsda_,634.0
d3g8za_,562.999798656
d3grda_,624.0
d3mg3a2,548.00019598
d3owsa_,968.000346184
d3q90a_,337.000120521
d3qk9a_,842.0
d4akza_,772.000138044
d4cdla_,980.000350475
d4j8ta_,1126.0
d4jf8a_,525.000093877
d4kz1a_,185.0
d4lsoa_,640.0
d4nhfa_,660.0
d7STD,226.0
