,one_min_TMscore
0.06117499999999998
0.2557750000000001
0.31172
0.11763999999999997
0.25737
0.27297000000000005
0.28088
0.319005
0.19835000000000003
0.22394999999999998
0.308755
0.29894
0.2656449999999999
0.21768999999999994
0.29918
0.44645500000000005
0.248695
0.31747499999999995
0.31510499999999997
0.43279500000000004
0.322655
0.43427000000000004
0.08411499999999994
0.340765
0.27590000000000003
0.326585
0.30393500000000007
0.34638499999999994
0.317565
0.31720499999999996
0.435435
0.26516000000000006
0.36887499999999995
0.284975
0.366055
0.36143499999999995
0.305655
0.37063500000000005
0.32655999999999996
0.33947499999999997
0.22775
0.18985999999999992
0.26066999999999996
0.2214750000000001
0.33189
0.2360850000000001
0.25253499999999995
0.26349500000000003
0.32054000000000005
0.24371999999999994
0.25100999999999996
0.24573500000000004
0.30828
0.18771000000000004
0.37322
0.23262000000000005
0.4059900000000001
0.297145
0.31037500000000007
0.325345
0.30350999999999995
0.4445300000000001
0.3163100000000001
0.48231500000000005
0.3507199999999999
0.24709500000000006
0.24451999999999996
0.29772
0.341905
0.36811499999999997
0.2507999999999999
0.42896500000000004
0.485395
0.3110200000000001
0.2787550000000001
0.15864500000000004
0.30818
0.125595
0.45945
0.33515000000000006
0.134455
0.369255
0.3107850000000001
0.388165
0.46855500000000005
0.354155
0.3569150000000001
0.35314500000000004
0.291365
0.3142400000000001
0.2967599999999999
0.253015
0.34013499999999997
0.14985000000000004
0.24234500000000003
0.27282000000000006
0.284335
0.301145
0.18852999999999998
0.21798499999999998
0.30284
0.303145
0.2627900000000001
0.1924999999999999
0.30957999999999997
0.3570150000000001
0.24206499999999997
0.31615499999999996
0.2977449999999999
0.44955
0.30879499999999993
0.34238499999999994
0.10885999999999996
0.33688000000000007
0.25846499999999994
0.31152500000000005
0.31474
0.34106499999999995
0.3297399999999999
0.27353000000000005
0.44157
0.26458000000000004
0.3646799999999999
0.2644599999999999
0.354085
0.34404999999999997
0.31871000000000005
0.40010499999999993
0.335905
0.33086499999999996
0.29418999999999995
0.20330000000000004
0.267285
0.255775
0.353005
0.254745
0.25903
0.2624949999999999
0.30104
0.26907000000000003
0.26393999999999995
0.26932500000000004
0.34367000000000003
0.21628500000000006
0.40274999999999994
0.25700999999999996
0.38861999999999997
0.40786500000000003
0.34221
0.29823
0.367595
0.30160999999999993
0.341175
0.459735
0.34521500000000005
0.25553500000000007
0.24605
0.292435
0.45459499999999997
0.354665
0.2466649999999999
0.39971999999999996
0.454225
0.293845
0.27902000000000005
0.16354000000000002
0.3085549999999999
0.14643000000000006
0.42625
0.36368500000000004
0.147555
0.357745
0.30591999999999997
0.39068499999999995
0.34677
0.34329999999999994
0.34677
0.3386800000000001
0.29115
0.31167999999999996
0.293555
0.29935
0.25373
0.29616
0.33626500000000004
0.44657
0.2874000000000001
0.30909999999999993
0.277695
0.34460500000000005
0.36504500000000006
0.3346150000000001
0.39155000000000006
0.33526
0.40866
0.2182949999999999
0.3502099999999999
0.278285
0.40934000000000004
0.283455
0.4588650000000001
0.2632399999999999
0.36171
0.25798999999999994
0.291975
0.32972
0.33667
0.29805000000000004
0.24726000000000004
0.46259000000000006
0.13029000000000002
0.40645
0.23496000000000006
0.423805
0.34838499999999994
0.33962500000000007
0.36336499999999994
0.35987499999999994
0.35729500000000003
0.29153000000000007
0.27762
0.20160500000000003
0.29978499999999997
0.30041000000000007
0.24783500000000003
0.053015000000000034
0.04993000000000003
0.28664500000000004
0.29481500000000005
0.258525
0.26975499999999997
0.27456
0.21230000000000004
0.402285
0.27344999999999997
0.36250000000000004
0.407165
0.2730699999999999
0.31618999999999997
0.27807499999999996
0.34963
0.30990000000000006
0.459765
0.40212000000000003
0.23255000000000003
0.23502500000000004
0.3325800000000001
0.40819000000000005
0.359325
0.21096500000000007
0.350225
0.393865
0.2775099999999999
0.354375
0.24734
0.44447000000000003
0.282285
0.40171
0.33385
0.29756000000000005
0.34818499999999997
0.351905
0.34721500000000005
0.36499499999999996
0.346205
0.348735
0.3686149999999999
0.34216
0.43125
0.35482499999999995
0.30757499999999993
0.32328999999999997
0.34909
0.343205
0.32638
0.35385500000000003
0.364275
0.3580049999999999
0.33864000000000005
0.3629899999999999
0.37556999999999996
0.31991499999999995
0.36738499999999996
0.29454500000000006
0.344885
0.29496
0.37473500000000004
0.30159
0.3624449999999999
0.33235000000000003
0.33730000000000004
0.283135
0.33484499999999995
0.302415
0.38605
0.3075049999999999
0.281795
0.4374100000000001
0.31184999999999996
0.36172000000000004
0.267015
0.389035
0.38824499999999995
0.32967499999999994
0.39329499999999995
0.3660049999999999
0.34539999999999993
0.336985
0.32937000000000005
0.29205000000000003
0.36010999999999993
0.31494
0.24777000000000005
0.2833300000000001
0.3006599999999999
0.30796999999999997
0.30912000000000006
0.23391000000000006
0.31736999999999993
0.31190000000000007
0.25733000000000006
0.37764
0.29153000000000007
0.347765
0.30405000000000004
0.3067
0.38109499999999996
0.28947999999999996
0.351545
0.33181499999999997
0.41024499999999997
0.37585
0.21816999999999998
0.2701450000000001
0.31848
0.35468
0.376135
0.290605
0.36067499999999997
0.391745
0.2974300000000001
0.35853
0.34153500000000003
0.38498
0.33258
0.4781850000000001
0.06254500000000007
0.35309999999999997
0.421975
0.37372000000000005
0.35770499999999994
0.40964
0.40127500000000005
0.4019649999999999
0.42466499999999996
0.360155
0.37521000000000004
0.37404499999999996
0.265385
0.25246499999999994
0.38080500000000006
0.32013500000000006
0.2396100000000001
0.26288
0.280185
0.28559
0.36239
0.39331000000000005
0.2960050000000001
0.36602500000000004
0.23490999999999995
0.300755
0.31066499999999997
0.41491
0.31189500000000003
0.33982
0.10428499999999996
0.31308500000000006
0.265845
0.330005
0.28673499999999996
0.35904
0.271745
0.27871999999999997
0.41850999999999994
0.274505
0.37055499999999997
0.27147999999999994
0.35492
0.35573999999999995
0.298585
0.359205
0.37792500000000007
0.30401999999999996
0.256995
0.19040500000000005
0.250745
0.23722500000000002
0.304415
0.2305649999999999
0.25239
0.263255
0.31821
0.25910999999999995
0.24717499999999992
0.25168999999999997
0.28081
0.22773
0.363455
0.22299999999999998
0.40096
0.31823500000000005
0.28037999999999996
0.298605
0.3328850000000001
0.38617999999999997
0.296465
0.35802
0.35172500000000007
0.21386499999999997
0.24207500000000004
0.264015
0.323485
0.35074000000000005
0.23528499999999997
0.30007000000000006
0.34941
0.3066
0.26017500000000005
0.12531000000000003
0.32123
0.14129499999999995
0.4082950000000001
0.33115000000000006
0.15284999999999993
0.37117500000000003
0.276675
0.369835
0.3564750000000001
0.36036999999999997
0.36460500000000007
0.429265
0.38109000000000004
0.378155
0.31404
0.354575
0.40748000000000006
0.34616
0.25936499999999996
0.30003
0.4343699999999999
0.357085
0.32072999999999996
0.22855000000000003
0.35651999999999995
0.49529
0.288215
0.3738
0.31676499999999996
0.46275
0.31389
0.37229
0.255305
0.46224
0.2942199999999999
0.34777
0.442835
0.38364
0.3573200000000001
0.30042
0.45618499999999995
0.308855
0.411435
0.280385
0.445585
0.40380499999999997
0.34839
0.45840500000000006
0.38319499999999995
0.36156
0.35894500000000007
0.27915
0.31355500000000003
0.37195500000000004
0.38963000000000003
0.308315
0.30103
0.305725
0.3158000000000001
0.35285999999999995
0.29552999999999996
0.33505000000000007
0.34753
0.30972500000000003
0.432195
0.30976500000000007
0.4051
0.40442500000000003
0.3549
0.3579
0.31167
0.363205
0.329445
0.49716000000000005
0.404385
0.268255
0.30145500000000003
0.32821999999999996
0.39633000000000007
0.424165
0.32017000000000007
0.41672
0.4959549999999999
0.312685
0.3601
0.2685550000000001
0.47
0.27669
0.448805
0.347635
0.27838000000000007
0.419875
0.440685
0.4236200000000001
0.42266000000000004
0.38773
0.39291999999999994
0.4226049999999999
0.39525
0.4336899999999999
0.41311999999999993
0.271655
0.37546499999999994
0.325685
0.33143
0.271165
0.267775
0.3404499999999999
0.33011499999999994
0.298605
0.343495
0.27641000000000004
0.298755
0.35020000000000007
0.40131000000000006
0.35717
0.30713999999999997
0.2259
0.24313000000000007
0.33286499999999997
0.37265000000000004
0.291385
0.38753499999999996
0.33984000000000003
0.32892
0.468565
0.30396
0.3306549999999999
0.33163999999999993
0.38361500000000004
0.3679
0.304635
0.36111000000000004
0.34225000000000005
0.273355
0.323635
0.26480000000000004
0.2946500000000001
0.31742000000000004
0.34013000000000004
0.26761499999999994
0.33748500000000003
0.34651999999999994
0.35912999999999995
0.3280700000000001
0.28193500000000005
0.25834
0.33841999999999994
0.2791950000000001
0.36719999999999997
0.25283500000000003
0.3284499999999999
0.315655
0.33916999999999997
0.294285
0.3343499999999999
0.26988
0.35279499999999997
0.3165800000000001
0.33377999999999997
0.31110499999999996
0.29091500000000003
0.30196500000000004
0.292895
0.334275
0.25944
0.26776500000000003
0.33146
0.3478
0.05756500000000009
0.26693999999999996
0.30944000000000005
0.21536
0.461835
0.37095
0.22004999999999997
0.40449
0.25398
0.274705
0.385505
0.3804700000000001
0.38568
0.39203999999999994
0.26773500000000006
0.306245
0.282145
0.34065499999999993
0.32291000000000003
0.34169000000000005
0.227495
0.23926000000000003
0.33013500000000007
0.320585
0.193295
0.2619499999999999
0.2802450000000001
0.24482500000000007
0.32377500000000003
0.367085
0.323345
0.2060200000000001
0.30147999999999997
0.240815
0.313145
0.3367899999999999
0.23341999999999996
0.35363
0.336765
0.31018
0.472125
0.31084999999999996
0.25382499999999997
0.31667500000000004
0.296265
0.27621000000000007
0.35401499999999997
0.41674500000000003
0.258945
0.30967999999999996
0.43362999999999996
0.28092000000000006
0.29894
0.39995500000000006
0.3672949999999999
0.332805
0.33455999999999997
0.34800999999999993
0.32023
0.385035
0.24253999999999998
0.288875
0.403525
0.36958500000000005
0.40603
0.22487000000000001
0.21792999999999996
0.23428000000000004
0.39934000000000003
0.31840999999999997
0.30606999999999995
0.18337000000000003
0.35217
0.24727500000000002
0.29929000000000006
0.284805
0.31943
0.31838
0.25968499999999994
0.26796
0.264965
0.20323999999999998
0.23337000000000008
0.32027000000000005
0.275315
0.29203
0.26735
0.2471049999999999
0.465815
0.34987499999999994
0.21679500000000007
0.378595
0.26099000000000006
0.17297000000000007
0.36685999999999996
0.34701499999999996
0.35517
0.36538500000000007
0.028955000000000064
0.062244999999999995
0.06123999999999996
0.3538
0.35908000000000007
0.359155
0.36915
0.35882499999999995
0.35850000000000004
0.36763499999999993
0.44472500000000004
0.26615500000000003
0.39014499999999996
0.14630999999999994
0.38632
0.14701999999999993
0.363885
0.2950250000000001
0.3682000000000001
0.144575
0.02890999999999999
0.353355
0.398605
0.34182500000000005
0.11707500000000004
0.41039000000000003
0.3082149999999999
0.43596
0.11716000000000004
0.40622500000000006
0.40137999999999996
0.371865
0.42734000000000005
0.33987999999999996
0.41694999999999993
0.35389499999999996
0.30047
0.293725
0.361785
0.3678300000000001
0.35718000000000005
0.28539500000000007
0.286235
0.14624000000000004
0.3318000000000001
0.267655
0.359615
0.3732899999999999
0.32336999999999994
0.4504250000000001
0.315395
0.44809999999999994
0.3767149999999999
0.35299499999999995
0.37634
0.19579499999999994
0.374475
0.243935
0.427215
0.45039000000000007
0.25290499999999994
0.29025999999999996
0.38405500000000004
0.37911000000000006
0.43033
0.28564999999999996
0.38885000000000003
0.417435
0.13992500000000008
0.38707
0.29635
0.40107499999999996
0.31587
0.4323300000000001
0.354445
0.31969500000000006
0.389595
0.37063500000000005
0.322715
0.39390499999999995
0.40729499999999996
0.41009000000000007
0.40439500000000006
0.3470599999999999
0.374205
0.369695
0.28437999999999997
0.35141500000000003
0.36204499999999995
0.31384500000000004
0.19050499999999992
0.3626400000000001
0.42477
0.29664999999999997
0.399265
0.39399000000000006
0.453075
0.42639499999999997
0.37329
0.21832000000000007
0.400115
0.3121149999999999
0.41066500000000006
0.48917
0.44752000000000003
0.38827
0.38497000000000003
0.44238500000000003
0.31804
0.499675
0.31769499999999995
0.4735849999999999
0.457005
0.359305
0.40924000000000005
0.382765
0.392825
0.36762000000000006
0.256815
0.331855
0.326315
0.40318999999999994
0.30969
0.32147000000000003
0.32267
0.43277999999999994
0.3353900000000001
0.31652499999999995
0.32767999999999997
0.3781350000000001
0.28429499999999996
0.44115499999999996
0.3013
0.44754499999999997
0.345225
0.38068
0.360375
0.387645
0.4272800000000001
0.404925
0.48741499999999993
0.42433
0.304705
0.303635
0.36936
0.43055
0.43365999999999993
0.3191900000000001
0.372455
0.515575
0.39137500000000003
0.32830500000000007
0.2698400000000001
0.35087500000000005
0.23609499999999994
0.41439000000000004
0.37790999999999997
0.22648000000000001
0.3943749999999999
0.36575
0.39704000000000006
0.403
0.37234999999999996
0.37834499999999993
0.39927
0.33028499999999994
0.34992
0.336955
0.37495999999999996
0.38827999999999996
0.22299500000000005
0.31228
0.38866500000000004
0.39647
0.25471
0.38517500000000005
0.324835
0.4331100000000001
0.322755
0.41883499999999996
0.241155
0.38904000000000005
0.30293499999999995
0.35465499999999994
0.36789499999999997
0.35356
0.346835
0.371445
0.421385
0.28795000000000004
0.39932499999999993
0.30217000000000005
0.38761500000000004
0.38759999999999994
0.34776000000000007
0.421115
0.3994150000000001
0.35987
0.32907
0.25873999999999997
0.28759999999999997
0.33741
0.38081999999999994
0.28218
0.281775
0.28000500000000006
0.31996
0.31750999999999996
0.308295
0.33198000000000005
0.315025
0.26895500000000006
0.415795
0.29923999999999995
0.45379
0.37383
0.333815
0.30913999999999997
0.318125
0.4910300000000001
0.37023000000000006
0.49973500000000004
0.39627999999999997
0.2918799999999999
0.28896999999999995
0.340195
0.39524000000000004
0.42324000000000006
0.30515500000000007
0.37354
0.5367
0.3248599999999999
0.3189200000000001
0.28700499999999995
0.38227999999999995
0.26964999999999995
0.39961
0.3839950000000001
0.27415500000000004
0.370205
0.37827999999999995
0.39653499999999997
0.379505
0.35771
0.35867000000000004
0.37759999999999994
0.35894000000000004
0.40576
0.367445
0.07950999999999997
0.356865
0.33177
0.24161500000000002
0.2767299999999999
0.29862500000000003
0.2258500000000001
0.34917
0.3945099999999999
0.352835
0.26675000000000004
0.247795
0.19898499999999997
0.35082
0.35517
0.25778
0.42257999999999996
0.348085
0.33047499999999996
0.4919
0.31784
0.28018
0.33753500000000003
0.24087999999999998
0.2690650000000001
0.371035
0.40636000000000005
0.234155
0.23226999999999998
0.40596999999999994
0.32055999999999996
0.32377
0.4301250000000001
0.344085
0.39814499999999997
0.34623500000000007
0.3538049999999999
0.35931
0.35762000000000005
0.26993
0.322345
0.37101000000000006
0.29237500000000005
0.3927750000000001
0.21097999999999995
0.2971299999999999
0.25944
0.39344999999999997
0.27255000000000007
0.33030500000000007
0.272085
0.33941
0.29917499999999997
0.28729499999999997
0.30191
0.31682
0.26900999999999997
0.24885999999999997
0.30725500000000006
0.30420500000000006
0.25434500000000004
0.2859750000000001
0.347395
0.268
0.31057
0.060349999999999904
0.26012
0.477295
0.371425
0.24997000000000003
0.370795
0.14643000000000006
0.23578500000000002
0.360255
0.369355
0.3818349999999999
0.365885
0.22961999999999994
0.2592650000000001
0.25505
0.37082499999999996
0.33803000000000005
0.23926999999999998
0.27637
0.30674999999999997
0.23388999999999993
0.35516499999999995
0.4204049999999999
0.35055499999999995
0.28113
0.25525
0.20117000000000007
0.343865
0.36449
0.24927
0.40229500000000007
0.34331
0.33084500000000006
0.50362
0.3246450000000001
0.27319000000000004
0.33648500000000003
0.23114999999999997
0.26413
0.34302
0.427635
0.25612
0.24354999999999993
0.412555
0.33105000000000007
0.32841999999999993
0.41047999999999996
0.33229
0.285925
0.35512
0.373695
0.35663999999999996
0.337495
0.26029
0.31125
0.35620000000000007
0.29237500000000005
0.3679699999999999
0.229055
0.30749000000000004
0.25187500000000007
0.3684799999999999
0.293245
0.33837000000000006
0.2543899999999999
0.34296499999999996
0.30430999999999997
0.2774650000000001
0.2756350000000001
0.299245
0.25687499999999996
0.24977499999999997
0.30943999999999994
0.30704
0.2773749999999999
0.30146000000000006
0.3539399999999999
0.25829
0.31593000000000004
0.12749999999999995
0.256915
0.496115
0.35056
0.26405499999999993
0.399065
0.17378500000000008
0.26258000000000004
0.388995
0.3900349999999999
0.39984
0.40164
0.24946000000000002
0.26926000000000005
0.26137999999999995
0.32636
0.36639
0.39302000000000004
0.27395499999999995
0.37795500000000004
0.330395
0.42881
0.33101
0.379115
0.25005
0.37153499999999995
0.327905
0.3528199999999999
0.36179000000000006
0.39176500000000003
0.363785
0.31837499999999996
0.459055
0.292725
0.38236000000000003
0.316825
0.364395
0.38029500000000005
0.38263
0.481255
0.30274500000000004
0.349005
0.410945
0.288045
0.30018
0.41554
0.39287000000000005
0.33099999999999996
0.33566000000000007
0.3356
0.32647500000000007
0.39512499999999995
0.32592
0.350035
0.35723499999999997
0.33345
0.42476500000000006
0.31737499999999996
0.402555
0.36932999999999994
0.36794000000000004
0.31649499999999997
0.3025899999999999
0.36434
0.3499000000000001
0.38875499999999996
0.3827750000000001
0.30601
0.304975
0.319855
0.43626
0.42877999999999994
0.30147
0.36558
0.378965
0.327855
0.332195
0.31035499999999994
0.4064650000000001
0.2767649999999999
0.530285
0.38141500000000006
0.24949500000000002
0.408825
0.36943000000000004
0.36290999999999995
0.39546000000000003
0.37436
0.3744449999999999
0.39159
0.34862499999999996
0.36358
0.352685
0.33304500000000004
0.41246000000000005
0.3801049999999999
0.35674000000000006
0.328155
0.46531999999999996
0.33384
0.34978
0.22840499999999997
0.38484000000000007
0.31245
0.35309999999999997
0.37029
0.39762
0.40392000000000006
0.31193000000000004
0.51568
0.32452499999999995
0.4219599999999999
0.321275
0.37901000000000007
0.369005
0.40454500000000004
0.48916000000000004
0.3233250000000001
0.3709800000000001
0.3536
0.27961499999999995
0.37219
0.3571249999999999
0.40827499999999994
0.336595
0.339855
0.40351000000000004
0.326175
0.36063999999999996
0.3262050000000001
0.38246500000000005
0.39557
0.31074999999999997
0.46546999999999994
0.32135
0.36951
0.32725000000000004
0.36663999999999997
0.35268999999999995
0.3307800000000001
0.32082999999999995
0.34819500000000003
0.393435
0.402525
0.319585
0.305925
0.32875999999999994
0.37825
0.39149
0.375085
0.35826500000000006
0.38744
0.32621
0.33391499999999996
0.2893699999999999
0.33776000000000006
0.26063499999999995
0.46399499999999994
0.39491999999999994
0.24983
0.41874
0.35065999999999997
0.340865
0.41620499999999994
0.40486
0.407825
0.459585
0.32928
0.34713499999999997
0.33438999999999997
0.315005
0.29290000000000005
0.2547250000000001
0.33238499999999993
0.439615
0.32732000000000006
0.11407
0.2563899999999999
0.28420500000000004
0.3253649999999999
0.364255
0.27713
0.3806149999999999
0.308415
0.31376500000000007
0.48226499999999994
0.317955
0.30461499999999997
0.31820000000000004
0.2897099999999999
0.28393999999999997
0.34532000000000007
0.40505
0.284875
0.27907499999999996
0.4078900000000001
0.30125500000000005
0.32967499999999994
0.40995500000000007
0.3378650000000001
0.2626299999999999
0.339585
0.348905
0.3335699999999999
0.30686
0.24805
0.30803500000000006
0.39276
0.295095
0.374865
0.24968499999999993
0.23679000000000006
0.21794000000000002
0.39339
0.34278
0.302515
0.22619500000000003
0.3230599999999999
0.25992499999999996
0.29493499999999995
0.26697499999999996
0.298435
0.30081
0.36413000000000006
0.27647
0.309005
0.26546000000000003
0.26193500000000003
0.32932000000000006
0.2992
0.3286549999999999
0.29933999999999994
0.27239
0.48653499999999994
0.32560999999999996
0.27530999999999994
0.40551499999999996
0.271965
0.15843000000000007
0.38856999999999997
0.37375
0.37459
0.38355000000000006
0.21616499999999994
0.23613499999999998
0.21896499999999997
0.370765
0.23842999999999992
0.41862
0.40263499999999997
0.4236500000000001
0.3282149999999999
0.3508150000000001
0.29388499999999995
0.41246000000000005
0.439225
0.27413
0.38356499999999993
0.38122
0.4012450000000001
0.555315
0.36105999999999994
0.04286500000000004
0.4007449999999999
0.2826249999999999
0.27088500000000004
0.44408000000000003
0.46799
0.3399399999999999
0.287775
0.470765
0.39190499999999995
0.36060500000000006
0.470055
0.39542
0.32419
0.48471
0.4107350000000001
0.42520500000000006
0.42625
0.33826
0.34208000000000005
0.4349799999999999
0.42393499999999995
0.42757
0.29542500000000005
0.3039400000000001
0.31318
0.441855
0.2875399999999999
0.407755
0.29197000000000006
0.432265
0.26832
0.2570950000000001
0.375185
0.37066
0.31849000000000005
0.409535
0.27746000000000004
0.35723499999999997
0.28549
0.26737500000000003
0.41991500000000004
0.36697
0.38903
0.30935500000000005
0.35785500000000003
0.502935
0.37558
0.3554900000000001
0.40015
0.28651000000000004
0.3360000000000001
0.39002000000000003
0.36085999999999996
0.373445
0.39866500000000005
0.26739500000000005
0.290725
0.29188499999999995
0.31540499999999994
0.249965
0.40775000000000006
0.24380000000000002
0.3203849999999999
0.20776499999999998
0.30354499999999995
0.22462000000000004
0.26498
0.299145
0.332535
0.28766
0.22233000000000003
0.41086
0.21465
0.44404
0.21906500000000007
0.35407
0.341295
0.28464
0.37173999999999996
0.304435
0.33265
0.31496
0.24588500000000002
0.20537000000000005
0.3163
0.30804999999999993
0.214275
0.22597
0.22729
0.24739
0.2684599999999999
0.23129500000000003
0.25987000000000005
0.321855
0.23933500000000008
0.36917
0.253455
0.35667000000000004
0.302115
0.31693499999999997
0.29181499999999994
0.20066499999999998
0.31467500000000004
0.273775
0.3680399999999999
0.35721499999999995
0.22174000000000005
0.24102999999999997
0.30383499999999997
0.34531
0.3439049999999999
0.20001000000000002
0.30604999999999993
0.3580749999999999
0.24499499999999996
0.278755
0.25092500000000006
0.34987999999999997
0.24310999999999994
0.4363600000000001
0.32423
0.24351
0.353785
0.3118000000000001
0.280575
0.35646
0.3326
0.33579500000000007
0.35037000000000007
0.29767999999999994
0.3152250000000001
0.30682999999999994
0.373065
0.435415
0.38707
0.276165
0.2855000000000001
0.21192999999999995
0.36238499999999996
0.3892150000000001
0.22243499999999994
0.3929499999999999
0.3375300000000001
0.3496699999999999
0.4696
0.31731
0.22058
0.359105
0.282975
0.27562
0.370085
0.460445
0.30418
0.21924500000000002
0.44789
0.347205
0.30157
0.37919499999999995
0.35353
0.2857400000000001
0.336885
0.35667499999999996
0.382115
0.37842
0.27010999999999996
0.27698
0.34438499999999994
0.29883499999999996
0.4130750000000001
0.2410049999999999
0.23739500000000002
0.256865
0.3476250000000001
0.27092499999999997
0.3651
0.21128499999999995
0.39196999999999993
0.18350999999999995
0.2834399999999999
0.31292
0.3331249999999999
0.24651500000000004
0.24524999999999997
0.17235
0.285335
0.13066999999999995
0.17764000000000002
0.37363
0.317905
0.32276000000000005
0.266435
0.327415
0.48446
0.33082
0.3119799999999999
0.3853500000000001
0.19843999999999995
0.25973
0.37153
0.392035
0.40331000000000006
0.380745
0.24985999999999997
0.27214000000000005
0.269135
0.3709199999999999
0.027000000000000024
0.33536999999999995
0.27059500000000003
0.343325
0.099885
0.13881999999999994
0.33336999999999994
0.3624799999999999
0.315785
0.08981499999999998
0.42191500000000004
0.29852
0.4113
0.10057500000000008
0.39615
0.37477000000000005
0.34818499999999997
0.40609000000000006
0.32484500000000005
0.386995
0.350465
0.26231000000000004
0.26612
0.35087
0.344275
0.28770000000000007
0.28224000000000005
0.28273000000000004
0.013840000000000074
0.344715
0.24549500000000002
0.34313000000000005
0.35955499999999996
0.2721100000000001
0.428045
0.29078500000000007
0.36427999999999994
0.344425
0.33535500000000007
0.36951
0.1559950000000001
0.352345
0.19781500000000007
0.3887149999999999
0.431095
0.29398499999999994
0.27116000000000007
0.35170999999999997
0.347985
0.414025
0.27420999999999995
0.36309499999999995
0.39419000000000004
0.01480999999999999
0.36151500000000003
0.28994999999999993
0.39653000000000005
0.29166000000000003
0.435385
0.32318
0.295015
0.36943499999999996
0.35342000000000007
0.3043450000000001
0.36846500000000004
0.3748
0.37887000000000004
0.37702
0.33370999999999995
0.360135
0.359305
0.3750899999999999
0.41256500000000007
0.39002499999999996
0.40164500000000003
0.413385
0.38182000000000005
0.4157949999999999
0.38446
0.395825
0.36175
0.48192999999999997
0.3900950000000001
0.39691
0.368015
0.38761
0.41024499999999997
0.414045
0.34241
0.39861499999999994
0.426955
0.430365
0.40385000000000004
0.375595
0.439735
0.37119499999999994
0.3173
0.41711999999999994
0.42325999999999997
0.37744500000000003
0.39054999999999995
0.34702999999999995
0.35112
0.424335
0.3654200000000001
0.40224499999999996
0.33333999999999997
0.44137000000000004
0.38446
0.44734000000000007
0.42752499999999993
0.368835
0.38932500000000003
0.42803
0.38566999999999996
0.397525
0.38405500000000004
0.3637
0.44157500000000005
0.3958999999999999
0.43882
0.38185
0.392825
0.41559499999999994
0.37109499999999995
0.416895
0.42566499999999996
0.39809000000000005
0.39783499999999994
0.501385
0.38769999999999993
0.42571000000000003
0.42888499999999996
0.39248000000000005
0.358965
0.42637499999999995
0.392455
0.40669
0.434195
0.36802
0.38656500000000005
0.404675
0.3346
0.28681
0.35161
0.10102
0.139625
0.34717
0.36134
0.30844000000000005
0.08941500000000002
0.42477
0.2940149999999999
0.41613999999999995
0.09829500000000002
0.37982000000000005
0.370285
0.34253500000000003
0.4014249999999999
0.3125899999999999
0.39315500000000003
0.35538500000000006
0.27412000000000003
0.28557999999999995
0.35226500000000005
0.34589500000000006
0.27678
0.28249499999999994
0.279315
0.02081999999999995
0.32918000000000003
0.23683500000000002
0.35468500000000003
0.35424
0.30720000000000003
0.417415
0.291315
0.36512999999999995
0.34084499999999995
0.33485
0.37403999999999993
0.14566
0.35075499999999993
0.1905699999999999
0.38361
0.42906
0.28093
0.256285
0.345305
0.344865
0.421435
0.288635
0.37507999999999997
0.39512
0.028964999999999907
0.35939999999999994
0.303975
0.40227999999999997
0.3056
0.44252500000000006
0.33119999999999994
0.30896999999999997
0.36792500000000006
0.36111000000000004
0.31487
0.372575
0.37694000000000005
0.38158000000000003
0.3803000000000001
0.34018000000000004
0.35763
0.356255
0.345715
0.2843899999999999
0.33712999999999993
0.36046500000000004
0.28337499999999993
0.4070800000000001
0.34169000000000005
0.32555
0.533785
0.3476699999999999
0.31255
0.45102
0.3240799999999999
0.321755
0.40464500000000003
0.42428
0.31291500000000005
0.339075
0.447485
0.311175
0.34079000000000004
0.45331
0.37280500000000005
0.376625
0.43769499999999995
0.38700999999999997
0.3344750000000001
0.386205
0.26490499999999995
0.36887000000000003
0.44947500000000007
0.334005
0.41728999999999994
0.31091
0.26047
0.271425
0.43138
0.36739
0.30502000000000007
0.25412999999999997
0.33848999999999996
0.29581
0.34033500000000005
0.28120500000000004
0.332325
0.34637000000000007
0.296605
0.30147
0.317755
0.27763000000000004
0.26864
0.33452499999999996
0.31552
0.366765
0.322805
0.38172000000000006
0.54797
0.35766999999999993
0.291925
0.418265
0.320685
0.08963999999999994
0.46312
0.40107000000000004
0.40774
0.46903000000000006
0.23053499999999993
0.24914499999999995
0.23546999999999996
0.29771499999999995
0.2553099999999999
0.288725
0.27754
0.33543999999999996
0.31204
0.25654
0.4295150000000001
0.24761499999999992
0.35487
0.26105500000000004
0.32548
0.32260500000000003
0.2728999999999999
0.355815
0.31403000000000003
0.298705
0.25241500000000006
0.14731499999999997
0.254305
0.24436999999999998
0.3331900000000001
0.23741999999999996
0.262065
0.27092000000000005
0.278385
0.32484500000000005
0.24832999999999994
0.22469499999999998
0.31604999999999994
0.21170500000000003
0.362395
0.19435999999999998
0.373375
0.27066
0.31394500000000003
0.283165
0.27176999999999996
0.266085
0.28281
0.33494500000000005
0.327465
0.240765
0.24154999999999993
0.26719000000000004
0.43067999999999995
0.335935
0.23870999999999998
0.26861
0.33074500000000007
0.27083
0.232055
0.14239500000000005
0.28286500000000003
0.063195
0.40795500000000007
0.352565
0.06677500000000003
0.46999499999999994
0.24319000000000002
0.29242999999999997
0.34038999999999997
0.33345500000000006
0.335495
0.332315
0.24027500000000002
0.270705
0.2534700000000001
0.34858500000000003
0.36880999999999997
0.21352499999999996
0.416075
0.351735
0.3382799999999999
0.48465500000000006
0.33196500000000007
0.27827500000000005
0.34609
0.30894
0.32977499999999993
0.35894500000000007
0.40815
0.30228999999999995
0.268945
0.40759500000000004
0.3190599999999999
0.29772
0.45372
0.36223000000000005
0.30035
0.35729500000000003
0.364795
0.346785
0.40669
0.2627900000000001
0.294625
0.44867999999999997
0.31104
0.423515
0.275505
0.270285
0.2951250000000001
0.4041600000000001
0.295045
0.33975
0.24629
0.38424
0.25975000000000004
0.3617
0.31193000000000004
0.323735
0.32820000000000005
0.25870499999999996
0.269015
0.264
0.23512500000000003
0.2669600000000001
0.3396950000000001
0.235765
0.3279350000000001
0.2351350000000001
0.29874500000000004
0.50644
0.334785
0.290775
0.41453000000000007
0.19587500000000002
0.24302
0.404015
0.416195
0.42184
0.41300000000000003
0.24710999999999994
0.2767200000000001
0.275695
0.15215999999999996
0.3332900000000001
0.34665500000000005
0.29763000000000006
0.11816500000000008
0.43132499999999996
0.27636499999999997
0.40564
0.10967000000000005
0.38071999999999995
0.37061
0.3333250000000001
0.41144500000000006
0.31931
0.38173999999999997
0.3146199999999999
0.2502850000000001
0.26085
0.3237300000000001
0.3167
0.24912
0.26330999999999993
0.263575
0.10023500000000007
0.318415
0.21958999999999995
0.32079
0.334325
0.22935499999999998
0.4019250000000001
0.29076
0.413965
0.346395
0.31543999999999994
0.358525
0.16617000000000004
0.335325
0.18822000000000005
0.39291
0.4070750000000001
0.18925499999999995
0.22384000000000004
0.31977999999999995
0.34233
0.39739499999999994
0.24733000000000005
0.35990500000000003
0.4673400000000001
0.09831000000000001
0.33555999999999997
0.27225
0.39524000000000004
0.2781849999999999
0.445055
0.31232499999999996
0.28559500000000004
0.35326
0.3389549999999999
0.31696499999999994
0.35946999999999996
0.36231499999999994
0.36911499999999997
0.36253
0.331595
0.34941500000000003
0.34094500000000005
0.35433500000000007
0.3922399999999999
0.347275
0.10478500000000002
0.4106099999999999
0.30129000000000006
0.429465
0.11456500000000003
0.39564
0.387085
0.37328000000000006
0.42420499999999994
0.33233500000000005
0.41823
0.359205
0.29306
0.297855
0.35451999999999995
0.3751
0.36152000000000006
0.28630500000000003
0.2883
0.13848499999999997
0.36275499999999994
0.277795
0.3493949999999999
0.374665
0.3286549999999999
0.43942000000000003
0.3122499999999999
0.442045
0.36965000000000003
0.3592850000000001
0.37277000000000005
0.19478499999999999
0.36748000000000003
0.24059999999999993
0.4210750000000001
0.447635
0.26402499999999995
0.29442999999999997
0.37043500000000007
0.37328000000000006
0.428175
0.2974300000000001
0.38078499999999993
0.41062
0.13291999999999993
0.38615
0.3359350000000001
0.398505
0.31106
0.43006999999999995
0.363445
0.314655
0.38221499999999997
0.36473
0.32034000000000007
0.38880000000000003
0.3991
0.40373499999999996
0.398645
0.342785
0.37041499999999994
0.36624
0.389845
0.34658999999999995
0.316635
0.47329
0.29247500000000004
0.27268000000000003
0.328735
0.31147499999999995
0.30801999999999996
0.39054999999999995
0.41020999999999996
0.33701000000000003
0.276775
0.34704500000000005
0.32054000000000005
0.2802800000000001
0.3564149999999999
0.36780999999999997
0.313955
0.31562
0.3324149999999999
0.34443500000000005
0.36549
0.2787299999999999
0.27519499999999997
0.369355
0.2929299999999999
0.42669500000000005
0.2732
0.2850649999999999
0.29240999999999995
0.38617999999999997
0.32621999999999995
0.3323149999999999
0.26795499999999994
0.36546999999999996
0.30096999999999996
0.31923999999999997
0.29108999999999996
0.3376
0.28049999999999997
0.30926999999999993
0.28774999999999995
0.26194000000000006
0.250205
0.29706
0.33321500000000004
0.309165
0.36778500000000003
0.27990000000000004
0.312615
0.485615
0.302875
0.304825
0.40015
0.270065
0.2628600000000001
0.38647
0.40026000000000006
0.4035500000000001
0.39649
0.24617
0.27795499999999995
0.2726599999999999
0.40525999999999995
0.33928500000000006
0.4004399999999999
0.33743
0.39481
0.33924
0.43535999999999997
0.39917
0.44794
0.400015
0.38160499999999997
0.39919499999999997
0.421825
0.3687499999999999
0.33943999999999996
0.41074
0.397825
0.345205
0.34243
0.352125
0.3695949999999999
0.40063000000000004
0.31176000000000004
0.3702749999999999
0.4095850000000001
0.314075
0.43108499999999994
0.32586000000000004
0.38861499999999993
0.33538999999999997
0.4181349999999999
0.3547
0.361375
0.36802999999999997
0.3942399999999999
0.38819000000000004
0.40325
0.33221999999999996
0.35865499999999995
0.39597499999999997
0.339375
0.41956000000000004
0.356
0.36717
0.37134
0.36288
0.40362999999999993
0.37083
0.390355
0.35392500000000005
0.36902500000000005
0.4096949999999999
0.36302999999999996
0.10014499999999993
0.38671
0.37158500000000005
0.10853500000000005
0.09982500000000005
0.10289999999999999
0.12151500000000004
0.35643500000000006
0.380675
0.38148000000000004
0.28612499999999996
0.469175
0.316145
0.37281
0.27234500000000006
0.39298999999999995
0.38502000000000003
0.329415
0.4101699999999999
0.35457000000000005
0.36538499999999996
0.372715
0.31887
0.30499
0.36449
0.23606499999999997
0.20699
0.28186
0.29154499999999994
0.327005
0.30203
0.21541999999999994
0.34219
0.3197
0.27037
0.3744099999999999
0.29308500000000004
0.3466800000000001
0.35558500000000004
0.32533999999999996
0.35721500000000006
0.3115349999999999
0.34709
0.27976
0.357055
0.34481000000000006
0.21624500000000002
0.24390500000000004
0.36301000000000005
0.37061
0.3634599999999999
0.3078700000000001
0.33543
0.3629549999999999
0.312835
0.35939
0.30806
0.39571999999999996
0.322955
0.48685500000000004
0.282705
0.34336
0.435025
0.3554550000000001
0.330935
0.421115
0.40643000000000007
0.41098999999999997
0.42551000000000005
0.34406500000000007
0.31118999999999997
0.33357499999999995
0.403555
0.29008999999999996
0.39183999999999997
0.01988000000000001
0.35428499999999996
0.346565
0.33623000000000003
0.39568000000000003
0.3022450000000001
0.37182000000000004
0.29859499999999994
0.25151
0.259115
0.29969500000000004
0.32345500000000005
0.26519500000000007
0.23975999999999997
0.244425
0.09321999999999997
0.3081499999999999
0.23328499999999996
0.3189850000000001
0.3214950000000001
0.27625999999999995
0.41239000000000003
0.27201
0.33372
0.32177
0.31135
0.33335500000000007
0.14217000000000002
0.325315
0.20206000000000002
0.37756500000000004
0.40815500000000005
0.19947000000000004
0.30154499999999995
0.32145500000000005
0.32869499999999996
0.38761500000000004
0.26061
0.347035
0.36887500000000006
0.08306999999999998
0.344695
0.29896999999999996
0.379505
0.28061500000000006
0.42201
0.31628
0.28544499999999995
0.33696499999999996
0.32769500000000007
0.29235
0.345125
0.345785
0.349495
0.3565750000000001
0.31911500000000004
0.344085
0.34004
0.43013500000000005
0.500605
0.403435
0.52959
0.53045
0.43917000000000006
0.49865500000000007
0.5004
0.525745
0.49002999999999997
0.402015
0.403655
0.482375
0.4927349999999999
0.42596
0.4161
0.41386999999999996
0.42428
0.4602200000000001
0.39400999999999997
0.45916500000000005
0.470735
0.41303
0.540675
0.44109
0.493915
0.4873350000000001
0.48807
0.45613499999999996
0.40007000000000004
0.55734
0.430385
0.5318149999999999
0.50325
0.44794
0.46257499999999996
0.5250699999999999
0.511035
0.508955
0.4023749999999999
0.47682500000000005
0.529505
0.42188000000000003
0.47069000000000005
0.42878499999999997
0.50618
0.41162
0.274695
0.45784500000000006
0.43996999999999997
0.4004
0.47212
0.46199500000000004
0.40893999999999997
0.41440999999999995
0.41598500000000005
0.4133800000000001
0.48036999999999996
0.501695
0.496255
0.364255
0.2560199999999999
0.34014500000000003
0.32325500000000007
0.32228999999999997
0.376475
0.336195
0.3475649999999999
0.30066499999999996
0.28567
0.21523500000000007
0.3190550000000001
0.30685000000000007
0.24649500000000002
0.12004000000000004
0.11675999999999997
0.30691500000000005
0.31767999999999996
0.27564
0.23963999999999996
0.353665
0.246475
0.41018
0.26405999999999996
0.34706499999999996
0.30913
0.30739000000000005
0.2860100000000001
0.23813499999999999
0.31664000000000003
0.297875
0.39414499999999997
0.36597999999999997
0.26508
0.22946
0.324465
0.39768000000000003
0.3258700000000001
0.22850499999999996
0.32486499999999996
0.3641350000000001
0.323125
0.32909
0.29191999999999996
0.36404499999999995
0.25402
0.4180900000000001
0.34336999999999995
0.256355
0.35085999999999995
0.32198499999999997
0.33663
0.34796000000000005
0.31162
0.31267999999999996
0.34819500000000003
0.314905
0.33987
0.32779
0.39048499999999997
0.274555
0.26422499999999993
0.44835
0.414285
0.33042499999999997
0.266645
0.4638549999999999
0.39566999999999997
0.35245000000000004
0.46826499999999993
0.38558000000000003
0.32343999999999995
0.3922000000000001
0.4100349999999999
0.41947500000000004
0.432955
0.33142000000000005
0.333205
0.43593000000000004
0.44106
0.417845
0.302535
0.28554499999999994
0.304975
0.441385
0.288535
0.40083
0.2731349999999999
0.426245
0.24058500000000005
0.26363500000000006
0.36568
0.3669800000000001
0.30546000000000006
0.38997499999999996
0.27107000000000003
0.3419
0.2763500000000001
0.24483500000000002
0.411725
0.35597
0.39239
0.32420499999999997
0.36363499999999993
0.51016
0.36617
0.36319
0.40725999999999996
0.28703499999999993
0.31875999999999993
0.39758499999999997
0.3754200000000001
0.38381
0.40781999999999996
0.260355
0.28388499999999994
0.28339500000000006
0.36485499999999993
0.35573
0.3197399999999999
0.396045
0.31384999999999996
0.37417999999999996
0.29691500000000004
0.249965
0.253725
0.29632499999999995
0.31160999999999994
0.24903000000000008
0.22802
0.22973
0.10502999999999996
0.30422499999999997
0.21926
0.313805
0.31545
0.23409499999999994
0.40405500000000005
0.27479
0.33793000000000006
0.32420000000000004
0.30366000000000004
0.338615
0.14759500000000003
0.33011999999999997
0.2046349999999999
0.380405
0.41103
0.187465
0.24045000000000005
0.32677
0.33482
0.39111000000000007
0.248745
0.35372000000000003
0.37458
0.09453500000000004
0.3486
0.26197000000000004
0.38633000000000006
0.27878500000000006
0.41999
0.304195
0.288335
0.3387800000000001
0.33506
0.30449000000000004
0.347395
0.34750499999999995
0.35284000000000004
0.363445
0.32600000000000007
0.35102
0.346595
0.13082499999999997
0.45374000000000003
0.445365
0.30047
0.257355
0.40971500000000005
0.4155249999999999
0.36632
0.41209000000000007
0.40588
0.394655
0.36090999999999995
0.3826099999999999
0.3796299999999999
0.371425
0.33168
0.3529899999999999
0.4154549999999999
0.35382
0.419365
0.372795
0.33157499999999995
0.30223999999999995
0.40132999999999996
0.34599
0.36684000000000005
0.302295
0.44788000000000006
0.304855
0.32767999999999997
0.35331500000000005
0.35836
0.29615
0.3312649999999999
0.37817500000000004
0.32318
0.32857500000000006
0.3103450000000001
0.3812249999999999
0.35666
0.380375
0.2878099999999999
0.376545
0.507155
0.387205
0.3384499999999999
0.41612000000000005
0.25114499999999995
0.31096999999999997
0.39559999999999995
0.38039500000000004
0.39318999999999993
0.40582000000000007
0.311005
0.33614999999999995
0.332005
0.4415899999999999
0.44743
0.30979500000000004
0.25788
0.41856000000000004
0.410755
0.36305
0.41051499999999996
0.404185
0.365595
0.434585
0.36375
0.37270500000000006
0.37797000000000003
0.32433500000000004
0.363565
0.38676
0.33447000000000005
0.42101999999999995
0.306295
0.305735
0.2901849999999999
0.403305
0.34956999999999994
0.350545
0.284795
0.40130999999999994
0.27622
0.352595
0.34946
0.35429
0.2948900000000001
0.34113499999999997
0.35521
0.324835
0.30832000000000004
0.2753650000000001
0.37344
0.37936499999999995
0.36945000000000006
0.31469499999999995
0.37024499999999994
0.51764
0.38954
0.33181499999999997
0.41274999999999995
0.28367999999999993
0.32021
0.39317
0.374795
0.38739499999999993
0.393265
0.28625999999999996
0.3029949999999999
0.29674500000000004
0.4367700000000001
0.4167099999999999
0.4164300000000001
0.34606500000000007
0.2576050000000001
0.33085999999999993
0.32430000000000003
0.345565
0.243545
0.32987999999999995
0.33387
0.3551949999999999
0.31434000000000006
0.2777099999999999
0.29679
0.36609500000000006
0.31106999999999996
0.3867449999999999
0.31899999999999995
0.40415500000000004
0.35938000000000003
0.372325
0.36597999999999997
0.3246899999999999
0.42073499999999997
0.363985
0.44562999999999997
0.41623
0.28389
0.285215
0.38841000000000003
0.44697999999999993
0.35183999999999993
0.33116
0.36809500000000006
0.48041500000000004
0.34559000000000006
0.355955
0.32652499999999995
0.42684
0.23836499999999994
0.47323499999999996
0.351885
0.27906999999999993
0.474225
0.36007
0.3782
0.46528499999999995
0.442095
0.4407650000000001
0.470905
0.372275
0.3860300000000001
0.37465499999999996
0.44145499999999993
0.40610500000000005
0.36728000000000005
0.37673500000000004
0.34031
0.39627499999999993
0.40868499999999996
0.34592
0.399305
0.402555
0.41586999999999996
0.36187499999999995
0.35971
0.29807000000000006
0.389915
0.33044000000000007
0.40156499999999995
0.30774999999999997
0.3981699999999999
0.391645
0.37834999999999996
0.44148999999999994
0.3925700000000001
0.46399
0.41573499999999997
0.44891000000000003
0.43355999999999995
0.39757
0.3894249999999999
0.446415
0.49778999999999995
0.45055
0.3274950000000001
0.40917499999999996
0.48306499999999997
0.40491
0.39491
0.40305499999999994
0.43459500000000006
0.34879499999999997
0.48767000000000005
0.41637499999999994
0.37416499999999997
0.43152999999999997
0.38248499999999996
0.381965
0.4358949999999999
0.397355
0.41008500000000003
0.42222000000000004
0.416075
0.43625500000000006
0.44147500000000006
0.30664
0.41084999999999994
0.35795
0.366935
0.41178000000000003
0.371965
0.3097049999999999
0.36427999999999994
0.3740650000000001
0.31427499999999997
0.387335
0.29171499999999995
0.36090500000000003
0.36599500000000007
0.3498650000000001
0.40800000000000003
0.24860499999999996
0.288805
0.29778499999999997
0.3871549999999999
0.27366500000000005
0.30874999999999997
0.28664500000000004
0.36509
0.29100499999999996
0.37585500000000005
0.295555
0.31881499999999996
0.3183849999999999
0.26334499999999994
0.33735000000000004
0.3365
0.29567
0.2965249999999999
0.3174
0.326785
0.3472200000000001
0.28844500000000006
0.38217500000000004
0.48984000000000005
0.38817
0.2851250000000001
0.38604499999999997
0.28188499999999994
0.283675
0.3860300000000001
0.370915
0.380935
0.38835
0.26808
0.29017499999999996
0.28502000000000005
0.37063
0.34951
0.31845999999999997
0.465645
0.373085
0.320535
0.35507
0.377
0.39854500000000004
0.44259000000000004
0.31051000000000006
0.27417
0.3032
0.32581499999999997
0.387525
0.2645200000000001
0.316705
0.26173500000000005
0.308385
0.2897099999999999
0.370325
0.27491
0.39288999999999996
0.25680499999999995
0.29717000000000005
0.32340499999999994
0.33306
0.21584500000000006
0.31520499999999996
0.30882999999999994
0.2942100000000001
0.24748499999999996
0.27637
0.38677000000000006
0.296905
0.32562500000000005
0.28491
0.37609500000000007
0.49131499999999995
0.35221
0.3184
0.40659500000000004
0.21535000000000004
0.296485
0.39046000000000003
0.39125
0.404145
0.39925999999999995
0.31200000000000006
0.33911
0.33233
0.292435
0.2990999999999999
0.07864000000000004
0.36504500000000006
0.3122750000000001
0.32211499999999993
0.3154
0.35558
0.28522500000000006
0.32445
0.24453000000000003
0.2863549999999999
0.21185999999999994
0.420705
0.2590950000000001
0.441435
0.41847999999999996
0.28002499999999997
0.416845
0.377205
0.40712499999999996
0.3752850000000001
0.45057499999999995
0.45348999999999995
0.30445500000000003
0.32335500000000006
0.32889500000000005
0.49054
0.45914999999999995
0.2886949999999999
0.44236
0.50283
0.344255
0.34472
0.2565299999999999
0.3807149999999999
0.28586
0.46955499999999994
0.359325
0.29996500000000004
0.43046000000000006
0.3441099999999999
0.42833
0.43644499999999997
0.44284499999999993
0.44123500000000004
0.41718
0.40400499999999995
0.45872
0.427195
0.28325500000000003
0.28932
0.32813000000000003
0.26713
0.28239499999999995
0.2890600000000001
0.26886
0.29644000000000004
0.252305
0.2502850000000001
0.33607
0.24582499999999996
0.37434999999999996
0.24785000000000001
0.32766000000000006
0.31583000000000006
0.34206500000000006
0.3010900000000001
0.25994000000000006
0.32355500000000004
0.27515
0.449535
0.37744
0.24012499999999992
0.28185499999999997
0.35078999999999994
0.35338
0.3608100000000001
0.27344
0.32508000000000004
0.36895
0.2606200000000001
0.26822
0.21441
0.37087500000000007
0.14995999999999998
0.40878499999999995
0.34796000000000005
0.16432500000000005
0.39203
0.29313999999999996
0.26756500000000005
0.37997499999999995
0.37163999999999997
0.37620999999999993
0.3798999999999999
0.297855
0.32386000000000004
0.310485
0.30027500000000007
0.30371000000000004
0.261285
0.21547000000000005
0.2199850000000001
0.27876499999999993
0.2728900000000001
0.23855000000000004
0.25132
0.28478000000000003
0.20487499999999992
0.379715
0.27315500000000004
0.3557600000000001
0.35388
0.27991999999999995
0.3216699999999999
0.2793650000000001
0.339735
0.343685
0.36433000000000004
0.36868999999999996
0.23992999999999998
0.25588999999999995
0.32088000000000005
0.42944499999999997
0.346715
0.07540000000000002
0.30874999999999997
0.36349999999999993
0.26709000000000005
0.311685
0.26632
0.36592500000000006
0.27988999999999997
0.41364
0.31557999999999997
0.28329000000000004
0.352935
0.2962450000000001
0.311485
0.34724
0.34351
0.348735
0.34761
0.30854000000000004
0.337985
0.3268
0.36488999999999994
0.31133
0.29738
0.311125
0.35753999999999997
0.28109000000000006
0.32450500000000004
0.25882000000000005
0.291185
0.21408500000000008
0.43493000000000004
0.25302500000000006
0.451975
0.42479500000000003
0.29355
0.40947500000000003
0.3705799999999999
0.41430999999999996
0.37736000000000003
0.48538499999999996
0.4787950000000001
0.30180000000000007
0.31740999999999997
0.43421
0.493795
0.390915
0.28710499999999994
0.44328999999999996
0.5048
0.348565
0.334345
0.24575000000000002
0.39660000000000006
0.27979
0.459765
0.3822749999999999
0.29123
0.44450999999999996
0.36950000000000005
0.4263600000000001
0.42155999999999993
0.44662500000000005
0.4374549999999999
0.431465
0.43467
0.39931000000000005
0.44506500000000004
0.21077499999999993
0.30001999999999995
0.304755
0.359915
0.29903
0.25038000000000005
0.32524
0.306195
0.2818050000000001
0.342375
0.270525
0.366545
0.34048
0.29668000000000005
0.348465
0.34453500000000004
0.361935
0.28713999999999995
0.38996
0.38790499999999994
0.23861500000000002
0.23357000000000006
0.34973999999999994
0.3471949999999999
0.370665
0.30640999999999996
0.40442500000000003
0.383205
0.34182999999999997
0.36426000000000003
0.354105
0.394385
0.33779000000000003
0.510955
0.34164000000000005
0.360345
0.41474999999999995
0.35475499999999993
0.35240499999999997
0.41298999999999997
0.4011100000000001
0.40818
0.42500000000000004
0.37104500000000007
0.39536499999999997
0.3894599999999999
0.25015
0.24748499999999996
0.33474500000000007
0.23984499999999997
0.16650999999999994
0.25578499999999993
0.25668500000000005
0.20942000000000005
0.297535
0.20074000000000003
0.34409500000000004
0.3173
0.25814500000000007
0.2620549999999999
0.27261
0.34491499999999997
0.2714749999999999
0.37446500000000005
0.320055
0.18561000000000005
0.16680000000000006
0.309605
0.3015749999999999
0.30593499999999996
0.259185
0.32264499999999996
0.401705
0.28686500000000004
0.27285499999999996
0.279655
0.35392999999999997
0.23675000000000002
0.43206999999999995
0.275435
0.266
0.39022500000000004
0.31821999999999995
0.30583000000000005
0.38277000000000005
0.36460500000000007
0.33813000000000004
0.36875499999999994
0.30183000000000004
0.3587800000000001
0.31420000000000003
0.03164499999999992
0.291095
0.31254000000000004
0.264235
0.258815
0.27818
0.21503000000000005
0.404795
0.28083
0.36927
0.389505
0.27671500000000004
0.319445
0.275165
0.34189
0.30028
0.40817000000000003
0.40634499999999996
0.24167000000000005
0.247645
0.32221999999999995
0.365
0.34641500000000003
0.2178549999999999
0.3438
0.38453000000000004
0.28062999999999994
0.3591150000000001
0.23484499999999997
0.39322499999999994
0.28322
0.40427499999999994
0.3207249999999999
0.30283499999999997
0.35722999999999994
0.35382500000000006
0.3534550000000001
0.36514
0.3395999999999999
0.34606000000000003
0.367445
0.3439
0.3718950000000001
0.3568849999999999
0.28976500000000005
0.31106999999999996
0.26844500000000004
0.28501
0.30084500000000003
0.23331499999999994
0.41179999999999994
0.2933950000000001
0.37861999999999996
0.33867500000000006
0.29333
0.324025
0.272455
0.35929
0.304585
0.421755
0.42145
0.250505
0.23712500000000003
0.346085
0.38108
0.35877000000000003
0.22666999999999993
0.3574649999999999
0.40561499999999995
0.27875000000000005
0.36260000000000003
0.24936500000000006
0.4023049999999999
0.29164499999999993
0.41117499999999996
0.33581000000000005
0.30698500000000006
0.35972000000000004
0.36762000000000006
0.36251
0.37665499999999996
0.34940499999999997
0.3497349999999999
0.3778600000000001
0.35756
0.38439999999999996
0.371475
0.3442099999999999
0.24618000000000007
0.3571
0.36648499999999995
0.2838449999999999
0.431195
0.300505
0.36826000000000003
0.34375500000000003
0.34695
0.37420999999999993
0.15334000000000003
0.35231999999999997
0.20798000000000005
0.3891549999999999
0.43572999999999995
0.22125499999999998
0.27570000000000006
0.355965
0.344835
0.42142499999999994
0.28566500000000006
0.368575
0.397525
0.013670000000000071
0.357985
0.299165
0.40839499999999995
0.29998499999999995
0.43984
0.33477999999999997
0.30149000000000004
0.37204000000000004
0.3582099999999999
0.31059499999999995
0.37670499999999996
0.383455
0.38731499999999996
0.38339999999999996
0.337585
0.35614499999999993
0.354785
0.26432999999999995
0.324955
0.293925
0.249425
0.31613
0.26692000000000005
0.39176
0.38210999999999995
0.279875
0.4042
0.32746
0.39412500000000006
0.38012999999999997
0.43843999999999994
0.46252000000000004
0.23709000000000002
0.25095500000000004
0.308465
0.43023
0.403355
0.27732500000000004
0.43479
0.44733
0.35277000000000003
0.33855999999999997
0.30667500000000003
0.370965
0.26674
0.47157499999999997
0.33257500000000007
0.29810000000000003
0.420285
0.35163999999999995
0.405305
0.41759499999999994
0.402265
0.40579
0.40803999999999996
0.3801650000000001
0.41213
0.385475
0.2825599999999999
0.28369999999999995
0.19710000000000005
0.33973999999999993
0.21289500000000006
0.30838999999999994
0.25734499999999993
0.27925500000000003
0.31898000000000004
0.23716000000000004
0.27359500000000003
0.2534400000000001
0.3032600000000001
0.31735
0.14558000000000004
0.20221
0.299075
0.26166
0.31559499999999996
0.21994499999999995
0.27954
0.29825999999999997
0.24277499999999996
0.28398
0.28102000000000005
0.31515000000000004
0.25285500000000005
0.41512000000000004
0.23641500000000004
0.2764899999999999
0.33807999999999994
0.277555
0.22213499999999997
0.3353999999999999
0.33443500000000004
0.34343500000000005
0.354665
0.26476999999999995
0.27441000000000004
0.2701100000000001
0.29455999999999993
0.23109500000000005
0.3783000000000001
0.20877499999999993
0.262185
0.32877500000000004
0.3021849999999999
0.32600000000000007
0.34783
0.32621
0.37807
0.3144
0.35629999999999995
0.29616
0.28081
0.30010499999999996
0.307855
0.27098
0.242135
0.26136500000000007
0.380715
0.34443500000000005
0.282845
0.27081500000000003
0.36268
0.24788999999999994
0.432515
0.33721500000000004
0.26059999999999994
0.44759499999999997
0.3419650000000001
0.29862500000000003
0.3831899999999999
0.36460499999999996
0.39786999999999995
0.39518999999999993
0.296465
0.3256650000000001
0.30787
0.2615050000000001
0.3383149999999999
0.23937000000000008
0.40263000000000004
0.38058499999999995
0.07651999999999992
0.375085
0.37719499999999995
0.40809000000000006
0.372645
0.43767
0.43325
0.2865500000000001
0.2524249999999999
0.26283
0.4199299999999999
0.377645
0.27413
0.423485
0.46709500000000004
0.35538500000000006
0.36360000000000003
0.31374499999999994
0.4613149999999999
0.32948500000000003
0.45847000000000004
0.33351
0.35580999999999996
0.4283699999999999
0.41596
0.43811999999999995
0.42601999999999995
0.42800499999999997
0.417065
0.41891
0.39982000000000006
0.42308999999999997
0.4023049999999999
0.37046
0.221275
0.31289999999999996
0.3488549999999999
0.26727499999999993
0.3543799999999999
0.32913499999999996
0.41176499999999994
0.30190000000000006
0.42978000000000005
0.34634999999999994
0.19449499999999997
0.254815
0.320315
0.31221999999999994
0.35495
0.20791499999999996
0.3118000000000001
0.369305
0.272165
0.29976500000000006
0.22948000000000002
0.299805
0.23597500000000005
0.4189149999999999
0.29279
0.24558000000000002
0.33392
0.28034500000000007
0.275355
0.336375
0.329155
0.337275
0.3314649999999999
0.280745
0.39344500000000004
0.291535
0.33462499999999995
0.43606999999999996
0.3942650000000001
0.340345
0.46092500000000003
0.4247749999999999
0.423825
0.39863000000000004
0.454245
0.46892999999999996
0.35762000000000005
0.33840499999999996
0.35734
0.43935500000000005
0.4472750000000001
0.3819600000000001
0.43538
0.47065
0.427515
0.384325
0.41898
0.43882
0.354225
0.53172
0.39830999999999994
0.383475
0.447955
0.39247999999999994
0.4211499999999999
0.44266000000000005
0.42779999999999996
0.43640499999999993
0.423585
0.4131
0.430705
0.42474999999999996
0.319005
0.25277000000000005
0.23461500000000002
0.2795749999999999
0.292095
0.21308499999999997
0.31181000000000003
0.26576500000000003
0.31001999999999996
0.23300500000000002
0.24109000000000003
0.25446
0.2546649999999999
0.24093999999999993
0.255185
0.22080500000000003
0.26663499999999996
0.289485
0.27034500000000006
0.26427500000000004
0.25348499999999996
0.22904499999999994
0.4316249999999999
0.31311999999999995
0.23611000000000004
0.35092
0.22413499999999997
0.24768
0.37497
0.32362
0.33089
0.33938500000000005
0.220835
0.25964999999999994
0.24922
0.21399999999999997
0.41054499999999994
0.31479
0.336055
0.24072500000000008
0.3960349999999999
0.25161999999999995
0.343815
0.35153999999999996
0.341375
0.354445
0.22229
0.24992999999999999
0.305245
0.2273449999999999
0.24341999999999997
0.360355
0.40517000000000003
0.33804999999999996
0.3423750000000001
0.3926400000000001
0.523775
0.35038499999999995
0.38343499999999997
0.39685499999999996
0.29947999999999997
0.24721499999999996
0.39664
0.385
0.39612
0.39705499999999994
0.22719
0.25444999999999995
0.24573
0.38439999999999996
0.3113349999999999
0.325415
0.2518149999999999
0.364525
0.24573500000000004
0.31343999999999994
0.28427
0.28652
0.30763000000000007
0.227035
0.31515000000000004
0.3177000000000001
0.22050000000000003
0.25158499999999995
0.34387999999999996
0.330755
0.3338749999999999
0.311005
0.29808
0.45548500000000003
0.32284999999999997
0.28659
0.37078999999999995
0.26814499999999997
0.2556149999999999
0.35899499999999995
0.34221999999999997
0.43196999999999997
0.3686499999999999
0.251015
0.26722999999999997
0.26648000000000005
0.3682000000000001
0.359325
0.3699
0.35545000000000004
0.38515
0.40574
0.290995
0.23463
0.272015
0.4196
0.37290999999999996
0.2683150000000001
0.37254
0.474525
0.33664000000000005
0.360915
0.31576000000000004
0.41823999999999995
0.33126999999999995
0.481795
0.32799
0.34821
0.43786
0.36487500000000006
0.404115
0.43548999999999993
0.41905000000000003
0.42401500000000003
0.41137500000000005
0.397845
0.42599999999999993
0.41464499999999993
0.348255
0.33281000000000005
0.38287499999999997
0.325855
0.32567999999999997
0.34038499999999994
0.304265
0.32138500000000003
0.324075
0.3081750000000001
0.32567499999999994
0.301535
0.32374
0.36751
0.293295
0.32291500000000006
0.32867
0.29025999999999996
0.46060499999999993
0.4038550000000001
0.28798499999999994
0.35568
0.2542
0.36622
0.359885
0.33106
0.335225
0.36522999999999994
0.31634000000000007
0.34104500000000004
0.3367500000000001
0.34033500000000005
0.18216500000000002
0.3907149999999999
0.4176599999999999
0.230325
0.24324999999999997
0.3388899999999999
0.329365
0.392695
0.28458000000000006
0.356105
0.391285
0.15127500000000005
0.3349
0.312295
0.38365499999999997
0.289485
0.43273000000000006
0.32247499999999996
0.27524499999999996
0.38065499999999997
0.33851999999999993
0.28976
0.40859500000000004
0.35699499999999995
0.358495
0.41074
0.32526999999999995
0.3436699999999999
0.33752000000000004
0.37690500000000005
0.15827999999999998
0.32314
0.31348
0.30771000000000004
0.25925
0.25479000000000007
0.20488499999999998
0.3068200000000001
0.17869000000000002
0.17738999999999994
0.3496699999999999
0.2796099999999999
0.327545
0.30610500000000007
0.42034499999999997
0.4832000000000001
0.34593000000000007
0.28025
0.38300500000000004
0.27061999999999997
0.24382000000000004
0.37224
0.3585499999999999
0.3672249999999999
0.38569999999999993
0.19520000000000004
0.22138499999999994
0.21058500000000002
0.40879
0.4160649999999999
0.22502500000000003
0.24234
0.35446
0.36244999999999994
0.435655
0.34370999999999996
0.40156000000000003
0.4328350000000001
0.19764000000000004
0.368815
0.3055
0.38931000000000004
0.29180000000000006
0.461105
0.35797
0.29474500000000003
0.412925
0.3618349999999999
0.32625499999999996
0.435165
0.386725
0.38802500000000006
0.42733
0.3616649999999999
0.38759
0.37678
0.3466100000000001
0.34236
0.37414499999999995
0.2920149999999999
0.260015
0.19033499999999992
0.331735
0.1644
0.11972499999999997
0.388285
0.330445
0.378885
0.33726999999999996
0.4442900000000001
0.5241750000000001
0.37265000000000004
0.3374999999999999
0.40491999999999995
0.2355799999999999
0.2893
0.38905999999999996
0.39783499999999994
0.40643000000000007
0.4100349999999999
0.256525
0.27315500000000004
0.277365
0.34697
0.3561000000000001
0.28439499999999995
0.38423000000000007
0.34028499999999995
0.364395
0.32598499999999997
0.341715
0.43305499999999997
0.35797
0.38102499999999995
0.32199500000000003
0.3247150000000001
0.519795
0.3549500000000001
0.33355999999999997
0.40712499999999996
0.302565
0.395995
0.391045
0.38968
0.39751500000000006
0.39393999999999996
0.306685
0.31220000000000003
0.299605
0.21613000000000004
0.30313499999999993
0.298605
0.36505
0.23643999999999998
0.34296499999999996
0.34238499999999994
0.21855500000000005
0.31674
0.25087499999999996
0.3464499999999999
0.26286999999999994
0.43406
0.24340000000000006
0.26790500000000006
0.35585
0.30572
0.26354
0.3477
0.355
0.36107500000000003
0.366475
0.30474500000000004
0.32398000000000005
0.31196500000000005
0.2826949999999999
0.337105
0.35426
0.24818000000000007
0.36002500000000004
0.36685
0.26818
0.29354
0.29442999999999997
0.36528000000000005
0.25397500000000006
0.4657549999999999
0.30103499999999994
0.27082000000000006
0.38754
0.32797999999999994
0.323275
0.38221499999999997
0.35613000000000006
0.36373999999999995
0.3875200000000001
0.3312550000000001
0.34924
0.33698000000000006
0.40866
0.32930499999999996
0.3076
0.27605999999999997
0.31007000000000007
0.349325
0.31908499999999995
0.300755
0.394645
0.306485
0.50482
0.33721500000000004
0.30513999999999997
0.407455
0.24522
0.3289949999999999
0.39798
0.4022
0.411755
0.398675
0.32379
0.34600999999999993
0.33309500000000003
0.29974500000000004
0.29347
0.24212
0.24157000000000006
0.34628499999999995
0.43403499999999995
0.38204000000000005
0.29821
0.43914
0.57313
0.42586499999999994
0.37475499999999995
0.360495
0.28520500000000004
0.25709000000000004
0.3432200000000001
0.35078999999999994
0.36131
0.35453
0.275995
0.29244000000000003
0.2935399999999999
0.333785
0.19232500000000008
0.20447499999999996
0.41445
0.35505999999999993
0.36823000000000006
0.3436600000000001
0.354255
0.52528
0.37436500000000006
0.35950499999999996
0.44035500000000005
0.25961999999999996
0.30859499999999995
0.42552999999999996
0.4223300000000001
0.42988000000000004
0.43472500000000003
0.273065
0.29586500000000004
0.2977449999999999
0.27281500000000003
0.32894
0.27558000000000005
0.27513
0.2522249999999999
0.3492550000000001
0.26408
0.41437999999999997
0.3119449999999999
0.2605200000000001
0.370225
0.267625
0.2739400000000001
0.35101000000000004
0.3517600000000001
0.35753999999999997
0.35780999999999996
0.2784899999999999
0.3084199999999999
0.29764
0.1794
0.362225
0.2802
0.303685
0.287285
0.39673500000000006
0.46630499999999997
0.34719
0.28362
0.3834850000000001
0.21563500000000002
0.23951500000000003
0.36417
0.36541500000000005
0.37405
0.37287499999999996
0.21092
0.23743000000000003
0.23753999999999997
0.39219000000000004
0.352155
0.368055
0.33058
0.444565
0.56887
0.378425
0.34723499999999996
0.3796250000000001
0.283975
0.26531499999999997
0.36289499999999997
0.375275
0.39376999999999995
0.38739999999999997
0.23902500000000004
0.264185
0.26724499999999995
0.35914500000000005
0.31787
0.39504000000000006
0.29052
0.438045
0.326245
0.29381
0.369285
0.350055
0.30316999999999994
0.36814499999999994
0.375155
0.37807499999999994
0.375375
0.3283400000000001
0.35568500000000003
0.3557699999999999
0.27476
0.31305000000000005
0.22526999999999997
0.47470999999999997
0.37877000000000005
0.22675500000000004
0.42120500000000005
0.25063499999999994
0.36236500000000005
0.39880499999999997
0.39446500000000007
0.39859500000000003
0.403235
0.281165
0.31145
0.28742999999999996
0.34763999999999995
0.18203999999999998
0.42835500000000004
0.36792
0.18177500000000002
0.380035
0.29725500000000005
0.31909
0.36985
0.37266
0.37766500000000003
0.371895
0.35748
0.32916500000000004
0.4237949999999999
0.297025
0.484055
0.39552
0.28759
0.38517999999999997
0.18512499999999998
0.2895749999999999
0.3785799999999999
0.39354500000000003
0.39923
0.38263500000000006
0.265625
0.29351000000000005
0.29181
0.4027099999999999
0.35511000000000004
0.057579999999999965
0.474645
0.25578
0.35448
0.35763999999999996
0.349175
0.35170999999999997
0.35263500000000003
0.25548499999999996
0.284755
0.26671
0.497255
0.41576499999999994
0.388825
0.47386000000000006
0.52608
0.386335
0.378235
0.38878999999999997
0.3831899999999999
0.46751999999999994
0.49234500000000003
0.48271
0.373595
0.43100000000000005
0.386425
0.355125
0.43232000000000004
0.429945
0.4302
0.44548999999999994
0.366845
0.34175
0.352785
0.38636499999999996
0.254895
0.24269999999999992
0.36926499999999995
0.35263500000000003
0.35607
0.359475
0.22533000000000003
0.2561150000000001
0.23682999999999998
0.38415
0.38198
0.08901500000000007
0.13456999999999997
0.13656000000000001
0.10899999999999999
0.3810849999999999
0.40581500000000004
0.39998
0.26478500000000005
0.36799000000000004
0.3892899999999999
0.39822
0.3787149999999999
0.2654700000000001
0.29576500000000006
0.28418999999999994
0.37715999999999994
0.37766999999999995
0.38603
0.43357
0.19188500000000008
0.2227699999999999
0.211005
0.14525
0.13466
0.04794999999999994
0.3674949999999999
0.39444999999999997
0.390725
0.027510000000000034
0.13658499999999996
0.34878
0.37468499999999993
0.36948500000000006
0.12009500000000006
0.35755500000000007
0.38253000000000004
0.38176
0.36475499999999994
0.391875
0.38787499999999997
0.08111500000000005
0.045849999999999946
0.06118000000000001
